city,country,main_temp,main_pressure,main_humidity,weather_description,datetime
Paris,FR,15.16,1021,62,scattered clouds,2025-03-25T15:24:18
London,GB,13.26,1022,77,overcast clouds,2025-03-25T15:24:18
New York,US,11.22,1013,41,clear sky,2025-03-25T15:24:18
Berlin,DE,12.19,1016,67,clear sky,2025-03-25T15:24:18
Tokyo,JP,18.65,1001,54,clear sky,2025-03-25T15:24:18
Paris,FR,15.16,1021,62,scattered clouds,2025-03-25T15:25:10
London,GB,13.26,1022,77,overcast clouds,2025-03-25T15:25:10
New York,US,11.21,1013,41,clear sky,2025-03-25T15:25:10
Berlin,DE,12.21,1016,70,clear sky,2025-03-25T15:25:10
Tokyo,JP,18.47,1001,56,clear sky,2025-03-25T15:25:10
Paris,FR,15.16,1021,62,scattered clouds,2025-03-25T15:26:09
London,GB,13.26,1022,77,overcast clouds,2025-03-25T15:26:09
New York,US,11.21,1013,41,clear sky,2025-03-25T15:26:09
Berlin,DE,12.21,1016,70,clear sky,2025-03-25T15:26:09
Tokyo,JP,18.47,1001,56,clear sky,2025-03-25T15:26:09
Paris,FR,15.16,1021,62,scattered clouds,2025-03-25T15:27:09
London,GB,13.26,1022,77,overcast clouds,2025-03-25T15:27:09
New York,US,11.21,1013,41,clear sky,2025-03-25T15:27:09
Berlin,DE,12.21,1016,70,clear sky,2025-03-25T15:27:09
Tokyo,JP,18.47,1001,56,clear sky,2025-03-25T15:27:09
Paris,FR,15.16,1021,62,scattered clouds,2025-03-25T15:28:08
London,GB,13.26,1022,77,overcast clouds,2025-03-25T15:28:08
New York,US,11.21,1013,41,clear sky,2025-03-25T15:28:08
Berlin,DE,12.21,1016,70,clear sky,2025-03-25T15:28:08
Tokyo,JP,18.47,1001,56,clear sky,2025-03-25T15:28:08
Paris,FR,15.16,1021,62,scattered clouds,2025-03-25T15:29:09
London,GB,13.26,1022,77,overcast clouds,2025-03-25T15:29:09
New York,US,11.21,1013,41,clear sky,2025-03-25T15:29:09
Berlin,DE,12.21,1016,70,clear sky,2025-03-25T15:29:09
Tokyo,JP,18.47,1001,56,clear sky,2025-03-25T15:29:09
Paris,FR,15.16,1021,62,scattered clouds,2025-03-25T15:30:10
London,GB,13.26,1022,77,overcast clouds,2025-03-25T15:30:10
New York,US,11.21,1013,41,clear sky,2025-03-25T15:30:10
Berlin,DE,12.21,1016,70,clear sky,2025-03-25T15:30:10
Tokyo,JP,18.47,1001,56,clear sky,2025-03-25T15:30:10
Paris,FR,15.16,1021,62,scattered clouds,2025-03-25T15:31:09
London,GB,13.26,1022,77,overcast clouds,2025-03-25T15:31:09
New York,US,11.21,1013,41,clear sky,2025-03-25T15:31:09
Berlin,DE,12.06,1016,71,clear sky,2025-03-25T15:31:09
Tokyo,JP,18.47,1001,56,clear sky,2025-03-25T15:31:09
Paris,FR,15.16,1021,62,scattered clouds,2025-03-25T15:32:09
London,GB,13.26,1022,77,overcast clouds,2025-03-25T15:32:09
New York,US,11.21,1013,41,clear sky,2025-03-25T15:32:09
Berlin,DE,12.06,1016,71,clear sky,2025-03-25T15:32:09
Tokyo,JP,18.47,1001,56,clear sky,2025-03-25T15:32:09
Paris,FR,15.16,1021,62,scattered clouds,2025-03-25T15:33:09
London,GB,13.26,1022,77,overcast clouds,2025-03-25T15:33:09
New York,US,11.21,1013,41,clear sky,2025-03-25T15:33:09
Berlin,DE,12.06,1016,71,clear sky,2025-03-25T15:33:09
Tokyo,JP,18.47,1001,56,clear sky,2025-03-25T15:33:09
Paris,FR,15.16,1021,62,scattered clouds,2025-03-25T15:34:08
London,GB,13.26,1022,77,overcast clouds,2025-03-25T15:34:08
New York,US,11.21,1013,41,clear sky,2025-03-25T15:34:08
Berlin,DE,12.06,1016,71,clear sky,2025-03-25T15:34:08
Tokyo,JP,18.47,1001,56,clear sky,2025-03-25T15:34:08
Paris,FR,15.05,1021,62,scattered clouds,2025-03-25T15:35:09
London,GB,13.54,1022,75,overcast clouds,2025-03-25T15:35:09
New York,US,11.28,1012,40,clear sky,2025-03-25T15:35:09
Berlin,DE,11.71,1016,71,clear sky,2025-03-25T15:35:09
Tokyo,JP,18.16,1001,59,clear sky,2025-03-25T15:35:09
Paris,FR,15.05,1021,62,scattered clouds,2025-03-25T15:36:10
London,GB,13.54,1022,75,overcast clouds,2025-03-25T15:36:10
New York,US,11.28,1012,40,clear sky,2025-03-25T15:36:10
Berlin,DE,11.71,1016,71,clear sky,2025-03-25T15:36:10
Tokyo,JP,18.16,1001,59,clear sky,2025-03-25T15:36:10
Paris,FR,15.05,1021,62,scattered clouds,2025-03-25T15:37:09
London,GB,13.54,1022,75,overcast clouds,2025-03-25T15:37:09
New York,US,11.28,1012,40,clear sky,2025-03-25T15:37:09
Berlin,DE,11.71,1016,71,clear sky,2025-03-25T15:37:09
Tokyo,JP,18.16,1001,59,clear sky,2025-03-25T15:37:09
Paris,FR,14.84,1021,64,scattered clouds,2025-03-25T15:38:09
London,GB,13.54,1022,75,overcast clouds,2025-03-25T15:38:09
New York,US,11.3,1012,40,clear sky,2025-03-25T15:38:09
Berlin,DE,11.53,1016,71,clear sky,2025-03-25T15:38:09
Tokyo,JP,18.16,1001,59,clear sky,2025-03-25T15:38:09
Paris,FR,15.05,1021,62,scattered clouds,2025-03-25T15:39:09
London,GB,13.75,1022,75,overcast clouds,2025-03-25T15:39:09
New York,US,11.33,1012,40,clear sky,2025-03-25T15:39:09
Berlin,DE,11.53,1016,71,clear sky,2025-03-25T15:39:09
Tokyo,JP,18.05,1001,60,clear sky,2025-03-25T15:39:09
Paris,FR,14.84,1021,63,scattered clouds,2025-03-25T15:40:09
London,GB,13.75,1022,75,overcast clouds,2025-03-25T15:40:09
New York,US,11.35,1012,40,clear sky,2025-03-25T15:40:09
Berlin,DE,12.06,1016,71,clear sky,2025-03-25T15:40:09
Tokyo,JP,18.05,1001,60,clear sky,2025-03-25T15:40:09
Paris,FR,14.84,1021,63,scattered clouds,2025-03-25T15:41:09
London,GB,13.75,1022,75,overcast clouds,2025-03-25T15:41:09
New York,US,11.35,1012,40,clear sky,2025-03-25T15:41:09
Berlin,DE,11.53,1016,71,clear sky,2025-03-25T15:41:09
Tokyo,JP,18.05,1001,60,clear sky,2025-03-25T15:41:09
Paris,FR,14.84,1021,63,scattered clouds,2025-03-25T15:42:09
London,GB,13.75,1022,75,overcast clouds,2025-03-25T15:42:09
New York,US,11.35,1012,40,clear sky,2025-03-25T15:42:09
Berlin,DE,11.53,1016,71,clear sky,2025-03-25T15:42:09
Tokyo,JP,18.05,1001,60,clear sky,2025-03-25T15:42:09
Paris,FR,14.84,1021,63,scattered clouds,2025-03-25T15:43:09
London,GB,13.75,1022,75,overcast clouds,2025-03-25T15:43:09
New York,US,11.35,1012,40,clear sky,2025-03-25T15:43:09
Berlin,DE,11.53,1016,71,clear sky,2025-03-25T15:43:09
Tokyo,JP,18.05,1001,60,clear sky,2025-03-25T15:43:09
Paris,FR,14.28,1021,64,broken clouds,2025-03-25T15:44:10
London,GB,13.75,1022,75,overcast clouds,2025-03-25T15:44:10
New York,US,11.35,1012,40,clear sky,2025-03-25T15:44:10
Berlin,DE,11.38,1016,71,clear sky,2025-03-25T15:44:10
Tokyo,JP,18.05,1001,60,clear sky,2025-03-25T15:44:10
Paris,FR,14.84,1021,63,scattered clouds,2025-03-25T15:45:08
London,GB,13.75,1022,75,overcast clouds,2025-03-25T15:45:08
New York,US,11.35,1012,40,clear sky,2025-03-25T15:45:08
Berlin,DE,11.53,1016,71,clear sky,2025-03-25T15:45:08
Tokyo,JP,18.05,1001,60,clear sky,2025-03-25T15:45:08
Paris,FR,14.84,1021,63,scattered clouds,2025-03-25T15:46:09
London,GB,13.75,1022,75,overcast clouds,2025-03-25T15:46:09
New York,US,11.35,1012,40,clear sky,2025-03-25T15:46:09
Berlin,DE,11.53,1016,71,clear sky,2025-03-25T15:46:09
Tokyo,JP,18.05,1001,60,clear sky,2025-03-25T15:46:09
Paris,FR,14.84,1021,63,scattered clouds,2025-03-25T15:47:09
London,GB,13.75,1022,75,overcast clouds,2025-03-25T15:47:09
New York,US,11.35,1012,40,clear sky,2025-03-25T15:47:09
Berlin,DE,11.53,1016,71,clear sky,2025-03-25T15:47:09
Tokyo,JP,18.05,1001,60,clear sky,2025-03-25T15:47:09
Paris,FR,14.84,1021,63,scattered clouds,2025-03-25T15:48:09
London,GB,13.75,1022,75,overcast clouds,2025-03-25T15:48:09
New York,US,11.35,1012,40,clear sky,2025-03-25T15:48:09
Berlin,DE,11.53,1016,71,clear sky,2025-03-25T15:48:09
Tokyo,JP,18.05,1001,60,clear sky,2025-03-25T15:48:09
Paris,FR,14.42,1021,64,broken clouds,2025-03-25T15:49:09
London,GB,13.75,1022,75,overcast clouds,2025-03-25T15:49:09
New York,US,11.47,1012,39,clear sky,2025-03-25T15:49:09
Berlin,DE,11.25,1016,71,clear sky,2025-03-25T15:49:09
Tokyo,JP,18.05,1001,60,clear sky,2025-03-25T15:49:09
Paris,FR,14.42,1021,64,broken clouds,2025-03-25T15:54:26
London,GB,13.84,1022,75,overcast clouds,2025-03-25T15:54:26
New York,US,11.47,1012,39,clear sky,2025-03-25T15:54:26
Berlin,DE,11.25,1016,71,clear sky,2025-03-25T15:54:26
Tokyo,JP,18.05,1001,60,clear sky,2025-03-25T15:54:26
Paris,FR,14.42,1021,64,broken clouds,2025-03-25T15:57:15
London,GB,13.84,1022,75,overcast clouds,2025-03-25T15:57:15
New York,US,11.47,1012,39,clear sky,2025-03-25T15:57:15
Berlin,DE,11.25,1016,71,clear sky,2025-03-25T15:57:15
Tokyo,JP,18.05,1001,60,clear sky,2025-03-25T15:57:15
Paris,FR,14.42,1021,64,broken clouds,2025-03-25T15:58:08
London,GB,13.84,1022,75,overcast clouds,2025-03-25T15:58:08
New York,US,11.47,1012,39,clear sky,2025-03-25T15:58:08
Berlin,DE,11.25,1016,71,clear sky,2025-03-25T15:58:08
Tokyo,JP,18.05,1001,60,clear sky,2025-03-25T15:58:08
Paris,FR,14.42,1021,64,broken clouds,2025-03-25T15:59:09
London,GB,13.84,1022,75,overcast clouds,2025-03-25T15:59:09
New York,US,11.47,1012,39,clear sky,2025-03-25T15:59:09
Berlin,DE,11.25,1016,71,clear sky,2025-03-25T15:59:09
Tokyo,JP,18.05,1001,60,clear sky,2025-03-25T15:59:09
Paris,FR,14.27,1021,65,broken clouds,2025-03-25T16:00:10
London,GB,13.84,1022,75,overcast clouds,2025-03-25T16:00:10
New York,US,11.66,1012,40,clear sky,2025-03-25T16:00:10
Berlin,DE,11.2,1016,72,clear sky,2025-03-25T16:00:10
Tokyo,JP,18.19,1001,61,clear sky,2025-03-25T16:00:10
Paris,FR,14.27,1021,65,broken clouds,2025-03-25T16:01:10
London,GB,13.84,1022,75,overcast clouds,2025-03-25T16:01:10
New York,US,11.66,1012,40,clear sky,2025-03-25T16:01:10
Berlin,DE,11.2,1016,72,clear sky,2025-03-25T16:01:10
Tokyo,JP,18.19,1001,61,clear sky,2025-03-25T16:01:10
Paris,FR,14.27,1021,65,broken clouds,2025-03-25T16:02:10
London,GB,13.84,1022,75,overcast clouds,2025-03-25T16:02:10
New York,US,11.72,1012,39,few clouds,2025-03-25T16:02:10
Berlin,DE,12.1,1016,63,clear sky,2025-03-25T16:02:10
Tokyo,JP,18.19,1001,61,clear sky,2025-03-25T16:02:10
Paris,FR,14.27,1021,65,broken clouds,2025-03-25T16:03:09
London,GB,13.84,1022,75,overcast clouds,2025-03-25T16:03:09
New York,US,11.72,1012,39,few clouds,2025-03-25T16:03:09
Berlin,DE,12.1,1016,63,clear sky,2025-03-25T16:03:09
Tokyo,JP,18.19,1001,61,clear sky,2025-03-25T16:03:09
Paris,FR,14.27,1021,65,broken clouds,2025-03-25T16:04:09
London,GB,13.84,1022,75,overcast clouds,2025-03-25T16:04:09
New York,US,11.72,1012,39,few clouds,2025-03-25T16:04:09
Berlin,DE,12.1,1016,63,clear sky,2025-03-25T16:04:09
Tokyo,JP,18.19,1001,61,clear sky,2025-03-25T16:04:09
Paris,FR,14.27,1021,65,broken clouds,2025-03-25T16:05:01
London,GB,13.84,1022,75,overcast clouds,2025-03-25T16:05:01
New York,US,11.72,1012,39,few clouds,2025-03-25T16:05:01
Berlin,DE,12.1,1016,63,clear sky,2025-03-25T16:05:01
Tokyo,JP,18.19,1001,61,clear sky,2025-03-25T16:05:01
Paris,FR,14.27,1021,65,broken clouds,2025-03-25T16:05:09
London,GB,13.84,1022,75,overcast clouds,2025-03-25T16:05:09
New York,US,11.72,1012,39,few clouds,2025-03-25T16:05:09
Berlin,DE,12.1,1016,63,clear sky,2025-03-25T16:05:09
Tokyo,JP,18.19,1001,61,clear sky,2025-03-25T16:05:09
Paris,FR,14.27,1021,65,broken clouds,2025-03-25T16:06:09
London,GB,13.84,1022,75,overcast clouds,2025-03-25T16:06:09
New York,US,11.66,1012,40,clear sky,2025-03-25T16:06:09
Berlin,DE,11.2,1016,72,clear sky,2025-03-25T16:06:09
Tokyo,JP,18.19,1001,61,clear sky,2025-03-25T16:06:09
Paris,FR,14.27,1021,65,broken clouds,2025-03-25T16:07:09
London,GB,13.84,1022,75,overcast clouds,2025-03-25T16:07:09
New York,US,11.66,1012,40,clear sky,2025-03-25T16:07:09
Berlin,DE,11.2,1016,72,clear sky,2025-03-25T16:07:09
Tokyo,JP,18.19,1001,61,clear sky,2025-03-25T16:07:09
Paris,FR,14.27,1021,65,broken clouds,2025-03-25T16:08:09
London,GB,13.84,1022,75,overcast clouds,2025-03-25T16:08:09
New York,US,11.66,1012,40,clear sky,2025-03-25T16:08:09
Berlin,DE,11.2,1016,72,clear sky,2025-03-25T16:08:09
Tokyo,JP,18.19,1001,61,clear sky,2025-03-25T16:08:09
Paris,FR,14.27,1021,65,broken clouds,2025-03-25T16:09:09
London,GB,13.72,1022,75,overcast clouds,2025-03-25T16:09:09
New York,US,11.87,1012,38,few clouds,2025-03-25T16:09:09
Berlin,DE,11.05,1016,71,clear sky,2025-03-25T16:09:09
Tokyo,JP,18.31,1001,62,clear sky,2025-03-25T16:09:09
Paris,FR,14.27,1021,65,broken clouds,2025-03-25T16:10:10
London,GB,13.72,1022,75,overcast clouds,2025-03-25T16:10:10
New York,US,11.87,1012,38,few clouds,2025-03-25T16:10:10
Berlin,DE,11.05,1016,71,clear sky,2025-03-25T16:10:10
Tokyo,JP,18.31,1001,62,clear sky,2025-03-25T16:10:10
Paris,FR,14.27,1021,65,broken clouds,2025-03-25T16:11:10
London,GB,13.72,1022,75,overcast clouds,2025-03-25T16:11:10
New York,US,11.87,1012,38,few clouds,2025-03-25T16:11:10
Berlin,DE,11.05,1016,71,clear sky,2025-03-25T16:11:10
Tokyo,JP,18.31,1001,62,clear sky,2025-03-25T16:11:10
Paris,FR,14.27,1021,65,broken clouds,2025-03-25T16:12:11
London,GB,13.72,1022,75,overcast clouds,2025-03-25T16:12:11
New York,US,11.87,1012,38,few clouds,2025-03-25T16:12:11
Berlin,DE,11.05,1016,71,clear sky,2025-03-25T16:12:11
Tokyo,JP,18.31,1001,62,clear sky,2025-03-25T16:12:11
Paris,FR,14.27,1021,65,broken clouds,2025-03-25T16:13:10
London,GB,13.72,1022,75,overcast clouds,2025-03-25T16:13:10
New York,US,11.87,1012,38,few clouds,2025-03-25T16:13:10
Berlin,DE,11.05,1016,71,clear sky,2025-03-25T16:13:10
Tokyo,JP,18.31,1001,62,clear sky,2025-03-25T16:13:10
Paris,FR,14.27,1021,65,broken clouds,2025-03-25T16:14:10
London,GB,13.72,1022,75,overcast clouds,2025-03-25T16:14:10
New York,US,11.87,1012,38,few clouds,2025-03-25T16:14:10
Berlin,DE,11.05,1016,71,clear sky,2025-03-25T16:14:10
Tokyo,JP,18.31,1001,62,clear sky,2025-03-25T16:14:10
Paris,FR,14.27,1021,65,broken clouds,2025-03-25T16:15:10
London,GB,13.72,1022,75,overcast clouds,2025-03-25T16:15:10
New York,US,11.87,1012,38,few clouds,2025-03-25T16:15:10
Berlin,DE,11.05,1016,71,clear sky,2025-03-25T16:15:10
Tokyo,JP,18.31,1001,62,clear sky,2025-03-25T16:15:10
Paris,FR,14.24,1021,65,broken clouds,2025-03-25T16:16:09
London,GB,13.72,1022,75,overcast clouds,2025-03-25T16:16:09
New York,US,11.98,1012,37,few clouds,2025-03-25T16:16:09
Berlin,DE,11.05,1016,71,clear sky,2025-03-25T16:16:09
Tokyo,JP,18.31,1001,63,clear sky,2025-03-25T16:16:09
Paris,FR,14.24,1021,65,broken clouds,2025-03-25T16:17:09
London,GB,13.72,1022,75,overcast clouds,2025-03-25T16:17:09
New York,US,11.98,1012,37,few clouds,2025-03-25T16:17:09
Berlin,DE,11.05,1016,71,clear sky,2025-03-25T16:17:09
Tokyo,JP,18.31,1001,63,clear sky,2025-03-25T16:17:09
Paris,FR,14.24,1021,65,broken clouds,2025-03-25T16:18:09
London,GB,13.72,1022,75,overcast clouds,2025-03-25T16:18:09
New York,US,12.03,1012,37,few clouds,2025-03-25T16:18:09
Berlin,DE,11.05,1016,71,clear sky,2025-03-25T16:18:09
Tokyo,JP,18.31,1001,63,clear sky,2025-03-25T16:18:09
Paris,FR,14.24,1021,65,broken clouds,2025-03-25T16:19:09
London,GB,13.72,1022,75,overcast clouds,2025-03-25T16:19:09
New York,US,12.03,1012,37,few clouds,2025-03-25T16:19:09
Berlin,DE,11.05,1016,71,clear sky,2025-03-25T16:19:09
Tokyo,JP,18.31,1001,63,clear sky,2025-03-25T16:19:09
Paris,FR,14.16,1021,65,broken clouds,2025-03-25T16:20:09
London,GB,13.72,1022,78,overcast clouds,2025-03-25T16:20:09
New York,US,12.03,1012,37,few clouds,2025-03-25T16:20:09
Berlin,DE,11.05,1016,71,clear sky,2025-03-25T16:20:09
Tokyo,JP,18.31,1001,63,clear sky,2025-03-25T16:20:09
Paris,FR,14.16,1021,65,broken clouds,2025-03-25T16:21:09
London,GB,13.72,1022,78,overcast clouds,2025-03-25T16:21:09
New York,US,12.03,1012,37,few clouds,2025-03-25T16:21:09
Berlin,DE,11.05,1016,71,clear sky,2025-03-25T16:21:09
Tokyo,JP,18.31,1001,63,clear sky,2025-03-25T16:21:09
Paris,FR,14.16,1021,66,broken clouds,2025-03-25T16:22:09
London,GB,13.72,1022,78,overcast clouds,2025-03-25T16:22:09
New York,US,12.06,1012,37,few clouds,2025-03-25T16:22:09
Berlin,DE,11.4,1016,66,clear sky,2025-03-25T16:22:09
Tokyo,JP,18.31,1001,63,clear sky,2025-03-25T16:22:09
Paris,FR,14.16,1021,66,broken clouds,2025-03-25T16:23:09
London,GB,13.72,1022,78,overcast clouds,2025-03-25T16:23:09
New York,US,12.06,1012,37,few clouds,2025-03-25T16:23:09
Berlin,DE,11.4,1016,66,clear sky,2025-03-25T16:23:09
Tokyo,JP,18.31,1001,63,clear sky,2025-03-25T16:23:09
Paris,FR,14.16,1021,66,broken clouds,2025-03-25T16:24:09
London,GB,13.72,1022,78,overcast clouds,2025-03-25T16:24:09
New York,US,12.06,1012,37,few clouds,2025-03-25T16:24:09
Berlin,DE,11.4,1016,66,clear sky,2025-03-25T16:24:09
Tokyo,JP,18.31,1001,63,clear sky,2025-03-25T16:24:09
Paris,FR,14.16,1021,66,broken clouds,2025-03-25T16:25:09
London,GB,13.72,1022,78,overcast clouds,2025-03-25T16:25:09
New York,US,12.06,1012,37,few clouds,2025-03-25T16:25:09
Berlin,DE,11.4,1016,66,clear sky,2025-03-25T16:25:09
Tokyo,JP,18.31,1001,63,clear sky,2025-03-25T16:25:09
Paris,FR,14.16,1021,66,broken clouds,2025-03-25T16:26:09
London,GB,13.72,1022,78,overcast clouds,2025-03-25T16:26:09
New York,US,12.09,1012,37,few clouds,2025-03-25T16:26:09
Berlin,DE,11.4,1016,66,clear sky,2025-03-25T16:26:09
Tokyo,JP,18.36,1001,63,clear sky,2025-03-25T16:26:09
Paris,FR,14.16,1021,66,broken clouds,2025-03-25T16:27:09
London,GB,13.72,1022,78,overcast clouds,2025-03-25T16:27:09
New York,US,12.09,1012,37,few clouds,2025-03-25T16:27:09
Berlin,DE,11.4,1016,66,clear sky,2025-03-25T16:27:09
Tokyo,JP,18.36,1001,63,clear sky,2025-03-25T16:27:09
Paris,FR,14.16,1021,66,broken clouds,2025-03-25T16:28:09
London,GB,13.72,1022,78,overcast clouds,2025-03-25T16:28:09
New York,US,12.09,1012,37,few clouds,2025-03-25T16:28:09
Berlin,DE,11.5,1016,64,broken clouds,2025-03-25T16:28:09
Tokyo,JP,18.31,1001,63,clear sky,2025-03-25T16:28:09
Paris,FR,14.16,1021,65,broken clouds,2025-03-25T16:29:10
London,GB,13.72,1022,78,overcast clouds,2025-03-25T16:29:10
New York,US,12.03,1012,37,few clouds,2025-03-25T16:29:10
Berlin,DE,11.5,1016,64,broken clouds,2025-03-25T16:29:10
Tokyo,JP,18.31,1001,63,clear sky,2025-03-25T16:29:10
Paris,FR,14.16,1021,66,broken clouds,2025-03-25T16:30:11
London,GB,13.72,1022,78,overcast clouds,2025-03-25T16:30:11
New York,US,12.06,1012,37,few clouds,2025-03-25T16:30:11
Berlin,DE,11.4,1016,66,clear sky,2025-03-25T16:30:11
Tokyo,JP,18.31,1001,63,clear sky,2025-03-25T16:30:11
Paris,FR,14.16,1021,66,broken clouds,2025-03-25T16:31:09
London,GB,13.72,1022,78,overcast clouds,2025-03-25T16:31:09
New York,US,12.06,1012,37,few clouds,2025-03-25T16:31:09
Berlin,DE,11.4,1016,66,clear sky,2025-03-25T16:31:09
Tokyo,JP,18.31,1001,63,clear sky,2025-03-25T16:31:09
Paris,FR,14.16,1021,66,broken clouds,2025-03-25T16:32:10
London,GB,13.86,1022,78,overcast clouds,2025-03-25T16:32:10
New York,US,12.1,1012,37,few clouds,2025-03-25T16:32:10
Berlin,DE,11.4,1016,66,clear sky,2025-03-25T16:32:10
Tokyo,JP,18.31,1001,63,clear sky,2025-03-25T16:32:10
Paris,FR,14.16,1021,66,broken clouds,2025-03-25T16:33:09
London,GB,13.86,1022,78,overcast clouds,2025-03-25T16:33:09
New York,US,12.1,1012,37,few clouds,2025-03-25T16:33:09
Berlin,DE,11.46,1016,64,clear sky,2025-03-25T16:33:09
Tokyo,JP,18.36,1001,63,clear sky,2025-03-25T16:33:09
Paris,FR,14.16,1021,66,broken clouds,2025-03-25T16:34:09
London,GB,13.83,1023,78,overcast clouds,2025-03-25T16:34:09
New York,US,12.18,1012,37,few clouds,2025-03-25T16:34:09
Berlin,DE,11.5,1016,64,broken clouds,2025-03-25T16:34:09
Tokyo,JP,18.32,1001,63,clear sky,2025-03-25T16:34:09
Paris,FR,14.16,1021,66,broken clouds,2025-03-25T16:35:10
London,GB,13.83,1023,78,overcast clouds,2025-03-25T16:35:10
New York,US,12.18,1012,37,few clouds,2025-03-25T16:35:10
Berlin,DE,11.5,1016,64,broken clouds,2025-03-25T16:35:10
Tokyo,JP,18.32,1001,63,clear sky,2025-03-25T16:35:10
Paris,FR,14.16,1021,66,broken clouds,2025-03-25T16:36:09
London,GB,13.83,1023,78,overcast clouds,2025-03-25T16:36:09
New York,US,12.18,1012,37,few clouds,2025-03-25T16:36:09
Berlin,DE,11.5,1016,64,broken clouds,2025-03-25T16:36:09
Tokyo,JP,18.32,1001,63,clear sky,2025-03-25T16:36:09
Paris,FR,14.16,1021,66,broken clouds,2025-03-25T16:37:09
London,GB,13.83,1023,78,overcast clouds,2025-03-25T16:37:09
New York,US,12.18,1012,37,few clouds,2025-03-25T16:37:09
Berlin,DE,11.5,1016,64,broken clouds,2025-03-25T16:37:09
Tokyo,JP,18.32,1001,63,clear sky,2025-03-25T16:37:09
Paris,FR,14.16,1021,66,broken clouds,2025-03-25T16:38:10
London,GB,13.83,1023,78,overcast clouds,2025-03-25T16:38:10
New York,US,12.18,1012,37,few clouds,2025-03-25T16:38:10
Berlin,DE,11.5,1016,64,broken clouds,2025-03-25T16:38:10
Tokyo,JP,18.32,1001,63,clear sky,2025-03-25T16:38:10
Paris,FR,13.59,1021,68,broken clouds,2025-03-25T16:49:24
London,GB,13.8,1023,80,overcast clouds,2025-03-25T16:49:24
New York,US,12.34,1012,37,few clouds,2025-03-25T16:49:24
Berlin,DE,10.92,1016,58,broken clouds,2025-03-25T16:49:24
Tokyo,JP,18.51,1001,62,clear sky,2025-03-25T16:49:24
Paris,FR,13.59,1021,68,broken clouds,2025-03-25T16:49:30
London,GB,13.8,1023,80,overcast clouds,2025-03-25T16:49:30
New York,US,12.34,1012,37,few clouds,2025-03-25T16:49:30
Berlin,DE,10.92,1016,58,broken clouds,2025-03-25T16:49:30
Tokyo,JP,18.51,1001,62,clear sky,2025-03-25T16:49:30
Paris,FR,13.59,1021,68,broken clouds,2025-03-25T16:50:10
London,GB,13.8,1023,80,overcast clouds,2025-03-25T16:50:10
New York,US,12.34,1012,37,few clouds,2025-03-25T16:50:10
Berlin,DE,10.92,1016,58,broken clouds,2025-03-25T16:50:10
Tokyo,JP,18.51,1001,62,clear sky,2025-03-25T16:50:10
Paris,FR,13.59,1021,68,broken clouds,2025-03-25T16:51:10
London,GB,13.8,1023,80,overcast clouds,2025-03-25T16:51:10
New York,US,12.34,1012,37,few clouds,2025-03-25T16:51:10
Berlin,DE,10.92,1016,58,broken clouds,2025-03-25T16:51:10
Tokyo,JP,18.51,1001,62,clear sky,2025-03-25T16:51:10
Paris,FR,13.59,1021,68,broken clouds,2025-03-25T16:52:09
London,GB,13.8,1023,80,overcast clouds,2025-03-25T16:52:09
New York,US,12.34,1012,37,few clouds,2025-03-25T16:52:09
Berlin,DE,10.92,1016,58,broken clouds,2025-03-25T16:52:09
Tokyo,JP,18.51,1001,62,clear sky,2025-03-25T16:52:09
Paris,FR,13.59,1021,68,broken clouds,2025-03-25T16:53:10
London,GB,13.8,1023,80,overcast clouds,2025-03-25T16:53:10
New York,US,12.34,1012,37,few clouds,2025-03-25T16:53:10
Berlin,DE,10.92,1016,58,broken clouds,2025-03-25T16:53:10
Tokyo,JP,18.51,1001,62,clear sky,2025-03-25T16:53:10
Paris,FR,13.59,1021,68,broken clouds,2025-03-25T16:54:10
London,GB,13.8,1023,80,overcast clouds,2025-03-25T16:54:10
New York,US,12.34,1012,37,few clouds,2025-03-25T16:54:10
Berlin,DE,10.92,1016,58,broken clouds,2025-03-25T16:54:10
Tokyo,JP,18.51,1001,62,clear sky,2025-03-25T16:54:10
Paris,FR,13.59,1021,68,broken clouds,2025-03-25T16:55:10
London,GB,13.8,1023,80,overcast clouds,2025-03-25T16:55:10
New York,US,12.34,1012,37,few clouds,2025-03-25T16:55:10
Berlin,DE,10.92,1016,58,broken clouds,2025-03-25T16:55:10
Tokyo,JP,18.51,1001,62,clear sky,2025-03-25T16:55:10
Paris,FR,13.59,1021,68,broken clouds,2025-03-25T16:56:09
London,GB,13.8,1023,80,overcast clouds,2025-03-25T16:56:09
New York,US,12.34,1012,37,few clouds,2025-03-25T16:56:09
Berlin,DE,10.92,1016,58,broken clouds,2025-03-25T16:56:09
Tokyo,JP,18.51,1001,62,clear sky,2025-03-25T16:56:09
Paris,FR,13.59,1021,68,broken clouds,2025-03-25T17:01:28
London,GB,13.8,1023,80,overcast clouds,2025-03-25T17:01:28
New York,US,12.38,1012,37,few clouds,2025-03-25T17:01:28
Berlin,DE,10.77,1016,58,broken clouds,2025-03-25T17:01:28
Tokyo,JP,18.51,1001,63,clear sky,2025-03-25T17:01:28
Paris,FR,13.59,1021,68,broken clouds,2025-03-25T17:01:41
London,GB,13.8,1023,80,overcast clouds,2025-03-25T17:01:41
New York,US,12.38,1012,37,few clouds,2025-03-25T17:01:41
Berlin,DE,10.77,1016,58,broken clouds,2025-03-25T17:01:41
Tokyo,JP,18.51,1001,63,clear sky,2025-03-25T17:01:41
Paris,FR,13.59,1021,68,broken clouds,2025-03-25T17:02:09
London,GB,13.8,1023,80,overcast clouds,2025-03-25T17:02:09
New York,US,12.38,1012,37,few clouds,2025-03-25T17:02:09
Berlin,DE,10.77,1016,58,broken clouds,2025-03-25T17:02:09
Tokyo,JP,18.51,1001,63,clear sky,2025-03-25T17:02:09
Paris,FR,13.59,1021,68,broken clouds,2025-03-25T17:06:49
London,GB,13.67,1023,80,overcast clouds,2025-03-25T17:06:49
New York,US,12.52,1012,37,few clouds,2025-03-25T17:06:49
Berlin,DE,10.5,1016,68,broken clouds,2025-03-25T17:06:49
Tokyo,JP,18.51,1001,63,clear sky,2025-03-25T17:06:49
Paris,FR,13.59,1021,68,broken clouds,2025-03-25T17:06:54
London,GB,13.67,1023,80,overcast clouds,2025-03-25T17:06:54
New York,US,12.52,1012,37,few clouds,2025-03-25T17:06:54
Berlin,DE,10.5,1016,68,broken clouds,2025-03-25T17:06:54
Tokyo,JP,18.51,1001,63,clear sky,2025-03-25T17:06:54
Paris,FR,13.59,1021,68,broken clouds,2025-03-25T17:07:30
London,GB,13.67,1023,80,overcast clouds,2025-03-25T17:07:30
New York,US,12.52,1012,37,few clouds,2025-03-25T17:07:30
Berlin,DE,10.5,1016,68,broken clouds,2025-03-25T17:07:30
Tokyo,JP,18.51,1001,63,clear sky,2025-03-25T17:07:30
Paris,FR,13.59,1021,68,broken clouds,2025-03-25T17:08:09
London,GB,13.67,1023,80,overcast clouds,2025-03-25T17:08:09
New York,US,12.52,1012,37,few clouds,2025-03-25T17:08:09
Berlin,DE,10.5,1016,68,broken clouds,2025-03-25T17:08:09
Tokyo,JP,18.51,1001,63,clear sky,2025-03-25T17:08:09
Paris,FR,13.59,1021,68,broken clouds,2025-03-25T17:09:09
London,GB,13.67,1023,80,overcast clouds,2025-03-25T17:09:09
New York,US,12.47,1012,37,few clouds,2025-03-25T17:09:09
Berlin,DE,10.5,1016,68,broken clouds,2025-03-25T17:09:09
Tokyo,JP,18.51,1001,63,clear sky,2025-03-25T17:09:09
Paris,FR,13.59,1021,68,broken clouds,2025-03-25T17:10:09
London,GB,13.67,1023,80,overcast clouds,2025-03-25T17:10:09
New York,US,12.47,1012,37,few clouds,2025-03-25T17:10:09
Berlin,DE,10.5,1016,68,broken clouds,2025-03-25T17:10:09
Tokyo,JP,18.51,1001,63,clear sky,2025-03-25T17:10:09
Paris,FR,13.59,1021,68,broken clouds,2025-03-25T17:13:20
London,GB,13.67,1023,80,overcast clouds,2025-03-25T17:13:20
New York,US,12.52,1012,37,few clouds,2025-03-25T17:13:20
Berlin,DE,10.5,1016,68,broken clouds,2025-03-25T17:13:20
Tokyo,JP,18.51,1001,63,clear sky,2025-03-25T17:13:20
Paris,FR,13.59,1021,68,broken clouds,2025-03-25T17:13:26
London,GB,13.67,1023,80,overcast clouds,2025-03-25T17:13:26
New York,US,12.52,1012,37,few clouds,2025-03-25T17:13:26
Berlin,DE,10.5,1016,68,broken clouds,2025-03-25T17:13:26
Tokyo,JP,18.51,1001,63,clear sky,2025-03-25T17:13:26
Paris,FR,13.59,1021,68,broken clouds,2025-03-25T17:14:08
London,GB,13.67,1023,80,overcast clouds,2025-03-25T17:14:08
New York,US,12.52,1012,37,few clouds,2025-03-25T17:14:08
Berlin,DE,10.5,1016,68,broken clouds,2025-03-25T17:14:08
Tokyo,JP,18.51,1001,63,clear sky,2025-03-25T17:14:08
Paris,FR,13.59,1021,68,broken clouds,2025-03-25T17:15:09
London,GB,13.61,1023,80,overcast clouds,2025-03-25T17:15:09
New York,US,12.62,1012,36,few clouds,2025-03-25T17:15:09
Berlin,DE,10.25,1016,60,broken clouds,2025-03-25T17:15:09
Tokyo,JP,18.51,1001,63,clear sky,2025-03-25T17:15:09
Paris,FR,13.59,1021,68,broken clouds,2025-03-25T17:16:10
London,GB,13.61,1023,80,overcast clouds,2025-03-25T17:16:10
New York,US,12.62,1012,36,few clouds,2025-03-25T17:16:10
Berlin,DE,10.25,1016,60,broken clouds,2025-03-25T17:16:10
Tokyo,JP,18.51,1001,63,clear sky,2025-03-25T17:16:10
Paris,FR,13.59,1021,68,broken clouds,2025-03-25T17:17:21
London,GB,13.61,1023,80,overcast clouds,2025-03-25T17:17:21
New York,US,12.62,1012,36,few clouds,2025-03-25T17:17:21
Berlin,DE,10.25,1016,60,broken clouds,2025-03-25T17:17:21
Tokyo,JP,18.51,1001,63,clear sky,2025-03-25T17:17:21
Paris,FR,13.59,1021,68,broken clouds,2025-03-25T17:18:09
London,GB,13.61,1023,80,overcast clouds,2025-03-25T17:18:09
New York,US,12.62,1012,36,few clouds,2025-03-25T17:18:09
Berlin,DE,10.25,1016,60,broken clouds,2025-03-25T17:18:09
Tokyo,JP,18.51,1001,63,clear sky,2025-03-25T17:18:09
Paris,FR,13.59,1021,68,broken clouds,2025-03-25T17:19:09
London,GB,13.61,1023,80,overcast clouds,2025-03-25T17:19:09
New York,US,12.62,1012,36,few clouds,2025-03-25T17:19:09
Berlin,DE,10.25,1016,60,broken clouds,2025-03-25T17:19:09
Tokyo,JP,18.51,1001,63,clear sky,2025-03-25T17:19:09
Paris,FR,13.37,1021,68,broken clouds,2025-03-25T17:20:09
London,GB,13.57,1023,79,overcast clouds,2025-03-25T17:20:09
New York,US,12.79,1012,36,few clouds,2025-03-25T17:20:09
Berlin,DE,10.24,1016,69,broken clouds,2025-03-25T17:20:09
Tokyo,JP,18.53,1001,62,clear sky,2025-03-25T17:20:09
Paris,FR,13.37,1021,68,broken clouds,2025-03-25T17:21:09
London,GB,13.57,1023,79,overcast clouds,2025-03-25T17:21:09
New York,US,12.79,1012,36,few clouds,2025-03-25T17:21:09
Berlin,DE,10.24,1016,69,broken clouds,2025-03-25T17:21:09
Tokyo,JP,18.53,1001,62,clear sky,2025-03-25T17:21:09
Paris,FR,13.37,1021,68,broken clouds,2025-03-25T17:22:09
London,GB,13.57,1023,79,overcast clouds,2025-03-25T17:22:09
New York,US,12.79,1012,36,few clouds,2025-03-25T17:22:09
Berlin,DE,10.24,1016,69,broken clouds,2025-03-25T17:22:09
Tokyo,JP,18.53,1001,62,clear sky,2025-03-25T17:22:09
Paris,FR,13.37,1021,68,broken clouds,2025-03-25T17:23:09
London,GB,13.57,1023,79,overcast clouds,2025-03-25T17:23:09
New York,US,12.76,1012,36,few clouds,2025-03-25T17:23:09
Berlin,DE,10.24,1016,69,broken clouds,2025-03-25T17:23:09
Tokyo,JP,18.53,1001,63,clear sky,2025-03-25T17:23:09
Paris,FR,13.37,1021,68,broken clouds,2025-03-25T17:24:09
London,GB,13.57,1023,79,overcast clouds,2025-03-25T17:24:09
New York,US,12.76,1012,36,few clouds,2025-03-25T17:24:09
Berlin,DE,10.24,1016,69,broken clouds,2025-03-25T17:24:09
Tokyo,JP,18.53,1001,63,clear sky,2025-03-25T17:24:09
Paris,FR,13.37,1021,68,broken clouds,2025-03-25T17:25:09
London,GB,13.57,1023,79,overcast clouds,2025-03-25T17:25:09
New York,US,12.76,1012,36,few clouds,2025-03-25T17:25:09
Berlin,DE,10.24,1016,69,broken clouds,2025-03-25T17:25:09
Tokyo,JP,18.53,1001,63,clear sky,2025-03-25T17:25:09
Paris,FR,13.37,1021,68,broken clouds,2025-03-25T17:26:09
London,GB,13.57,1023,79,overcast clouds,2025-03-25T17:26:09
New York,US,12.76,1012,36,few clouds,2025-03-25T17:26:09
Berlin,DE,10.24,1016,69,broken clouds,2025-03-25T17:26:09
Tokyo,JP,18.53,1001,63,clear sky,2025-03-25T17:26:09
Paris,FR,13.37,1021,68,broken clouds,2025-03-25T17:27:09
London,GB,13.57,1023,79,overcast clouds,2025-03-25T17:27:09
New York,US,12.76,1012,36,few clouds,2025-03-25T17:27:09
Berlin,DE,10.24,1016,69,broken clouds,2025-03-25T17:27:09
Tokyo,JP,18.53,1001,63,clear sky,2025-03-25T17:27:09
Paris,FR,13.37,1021,68,broken clouds,2025-03-25T17:28:09
London,GB,13.57,1023,79,overcast clouds,2025-03-25T17:28:09
New York,US,12.76,1012,36,few clouds,2025-03-25T17:28:09
Berlin,DE,10.24,1016,69,broken clouds,2025-03-25T17:28:09
Tokyo,JP,18.53,1001,63,clear sky,2025-03-25T17:28:09
Paris,FR,13.37,1021,68,broken clouds,2025-03-25T17:29:08
London,GB,13.57,1023,79,overcast clouds,2025-03-25T17:29:08
New York,US,12.76,1012,36,few clouds,2025-03-25T17:29:08
Berlin,DE,10.24,1016,69,broken clouds,2025-03-25T17:29:08
Tokyo,JP,18.53,1001,63,clear sky,2025-03-25T17:29:08
Paris,FR,13.37,1021,68,broken clouds,2025-03-25T17:30:09
London,GB,13.57,1023,79,overcast clouds,2025-03-25T17:30:09
New York,US,12.76,1012,36,few clouds,2025-03-25T17:30:09
Berlin,DE,10.24,1016,69,broken clouds,2025-03-25T17:30:09
Tokyo,JP,18.53,1001,63,clear sky,2025-03-25T17:30:09
Paris,FR,13.37,1021,68,broken clouds,2025-03-25T17:31:09
London,GB,13.57,1023,79,overcast clouds,2025-03-25T17:31:09
New York,US,12.76,1012,36,few clouds,2025-03-25T17:31:09
Berlin,DE,10.24,1016,69,broken clouds,2025-03-25T17:31:09
Tokyo,JP,18.53,1001,63,clear sky,2025-03-25T17:31:09
Paris,FR,13.37,1021,68,broken clouds,2025-03-25T17:32:09
London,GB,13.57,1023,79,overcast clouds,2025-03-25T17:32:09
New York,US,12.76,1012,36,few clouds,2025-03-25T17:32:09
Berlin,DE,10.24,1016,69,broken clouds,2025-03-25T17:32:09
Tokyo,JP,18.53,1001,63,clear sky,2025-03-25T17:32:09
Paris,FR,13.3,1022,69,broken clouds,2025-03-25T17:33:25
London,GB,13.55,1023,79,overcast clouds,2025-03-25T17:33:25
New York,US,12.8,1011,36,few clouds,2025-03-25T17:33:25
Berlin,DE,9.93,1016,65,broken clouds,2025-03-25T17:33:25
Tokyo,JP,18.53,1000,63,clear sky,2025-03-25T17:33:25
Paris,FR,13.34,1021,68,broken clouds,2025-03-25T17:34:09
London,GB,13.55,1023,79,overcast clouds,2025-03-25T17:34:09
New York,US,12.8,1011,36,few clouds,2025-03-25T17:34:09
Berlin,DE,9.93,1016,65,broken clouds,2025-03-25T17:34:09
Tokyo,JP,18.53,1000,63,clear sky,2025-03-25T17:34:09
Paris,FR,13.34,1021,68,broken clouds,2025-03-25T17:35:10
London,GB,13.55,1023,79,overcast clouds,2025-03-25T17:35:10
New York,US,12.8,1011,36,few clouds,2025-03-25T17:35:10
Berlin,DE,9.93,1016,65,broken clouds,2025-03-25T17:35:10
Tokyo,JP,18.53,1000,63,clear sky,2025-03-25T17:35:10
Paris,FR,13.34,1021,68,broken clouds,2025-03-25T17:36:09
London,GB,13.55,1023,79,overcast clouds,2025-03-25T17:36:09
New York,US,12.8,1011,36,few clouds,2025-03-25T17:36:09
Berlin,DE,9.93,1016,65,broken clouds,2025-03-25T17:36:09
Tokyo,JP,18.53,1000,63,clear sky,2025-03-25T17:36:09
Paris,FR,13.3,1022,69,broken clouds,2025-03-25T17:37:08
London,GB,13.55,1023,79,overcast clouds,2025-03-25T17:37:08
New York,US,12.84,1011,36,few clouds,2025-03-25T17:37:08
Berlin,DE,9.93,1016,65,broken clouds,2025-03-25T17:37:08
Tokyo,JP,18.51,1000,64,clear sky,2025-03-25T17:37:08
Paris,FR,13.3,1022,69,broken clouds,2025-03-25T17:38:09
London,GB,13.55,1023,79,overcast clouds,2025-03-25T17:38:09
New York,US,12.84,1011,36,few clouds,2025-03-25T17:38:09
Berlin,DE,9.93,1016,65,broken clouds,2025-03-25T17:38:09
Tokyo,JP,18.51,1000,64,clear sky,2025-03-25T17:38:09
Paris,FR,13.3,1022,69,broken clouds,2025-03-25T17:39:09
London,GB,13.57,1023,79,overcast clouds,2025-03-25T17:39:09
New York,US,12.81,1011,36,few clouds,2025-03-25T17:39:09
Berlin,DE,8.85,1016,71,broken clouds,2025-03-25T17:39:09
Tokyo,JP,18.51,1000,64,clear sky,2025-03-25T17:39:09
Paris,FR,13.3,1022,69,broken clouds,2025-03-25T17:40:09
London,GB,13.57,1023,79,overcast clouds,2025-03-25T17:40:09
New York,US,12.81,1011,36,few clouds,2025-03-25T17:40:09
Berlin,DE,8.85,1016,71,broken clouds,2025-03-25T17:40:09
Tokyo,JP,18.51,1000,64,clear sky,2025-03-25T17:40:09
Paris,FR,13.3,1022,69,broken clouds,2025-03-25T17:41:09
London,GB,13.57,1023,79,overcast clouds,2025-03-25T17:41:09
New York,US,12.81,1011,36,few clouds,2025-03-25T17:41:09
Berlin,DE,8.85,1016,71,broken clouds,2025-03-25T17:41:09
Tokyo,JP,18.51,1000,64,clear sky,2025-03-25T17:41:09
Paris,FR,13.3,1022,69,broken clouds,2025-03-25T17:42:09
London,GB,13.57,1023,79,overcast clouds,2025-03-25T17:42:09
New York,US,12.81,1011,36,few clouds,2025-03-25T17:42:09
Berlin,DE,8.85,1016,71,broken clouds,2025-03-25T17:42:09
Tokyo,JP,18.51,1000,64,clear sky,2025-03-25T17:42:09
Paris,FR,13.24,1022,69,broken clouds,2025-03-25T17:43:09
London,GB,13.57,1023,79,overcast clouds,2025-03-25T17:43:09
New York,US,12.77,1011,36,few clouds,2025-03-25T17:43:09
Berlin,DE,8.85,1016,71,broken clouds,2025-03-25T17:43:09
Tokyo,JP,18.51,1000,64,clear sky,2025-03-25T17:43:09
Paris,FR,13.24,1022,69,broken clouds,2025-03-25T17:44:10
London,GB,13.57,1023,79,overcast clouds,2025-03-25T17:44:10
New York,US,12.77,1011,36,few clouds,2025-03-25T17:44:10
Berlin,DE,8.85,1016,71,broken clouds,2025-03-25T17:44:10
Tokyo,JP,18.51,1000,64,clear sky,2025-03-25T17:44:10
Paris,FR,12.75,1022,70,broken clouds,2025-03-25T17:45:09
London,GB,13.57,1023,79,overcast clouds,2025-03-25T17:45:09
New York,US,12.83,1011,36,few clouds,2025-03-25T17:45:09
Berlin,DE,9.03,1016,70,broken clouds,2025-03-25T17:45:09
Tokyo,JP,18.51,1000,64,clear sky,2025-03-25T17:45:09
Paris,FR,12.75,1022,70,broken clouds,2025-03-25T17:46:09
London,GB,13.57,1023,79,overcast clouds,2025-03-25T17:46:09
New York,US,12.83,1011,36,few clouds,2025-03-25T17:46:09
Berlin,DE,9.03,1016,70,broken clouds,2025-03-25T17:46:09
Tokyo,JP,18.51,1000,64,clear sky,2025-03-25T17:46:09
Paris,FR,12.75,1022,70,broken clouds,2025-03-25T17:47:08
London,GB,13.57,1023,79,overcast clouds,2025-03-25T17:47:08
New York,US,12.83,1011,36,few clouds,2025-03-25T17:47:08
Berlin,DE,9.03,1016,70,broken clouds,2025-03-25T17:47:08
Tokyo,JP,18.51,1000,64,clear sky,2025-03-25T17:47:08
Paris,FR,12.75,1022,70,broken clouds,2025-03-25T17:48:09
London,GB,13.57,1023,79,overcast clouds,2025-03-25T17:48:09
New York,US,12.83,1011,36,few clouds,2025-03-25T17:48:09
Berlin,DE,9.03,1016,70,broken clouds,2025-03-25T17:48:09
Tokyo,JP,18.51,1000,64,clear sky,2025-03-25T17:48:09
Paris,FR,12.73,1022,70,broken clouds,2025-03-25T17:49:09
London,GB,13.57,1023,79,overcast clouds,2025-03-25T17:49:09
New York,US,13.03,1011,36,few clouds,2025-03-25T17:49:09
Berlin,DE,8.9,1016,70,broken clouds,2025-03-25T17:49:09
Tokyo,JP,18.51,1000,65,clear sky,2025-03-25T17:49:09
Paris,FR,11.43,1022,76,overcast clouds,2025-03-25T18:52:37
London,GB,12.94,1023,83,overcast clouds,2025-03-25T18:52:37
New York,US,13.7,1011,33,broken clouds,2025-03-25T18:52:37
Berlin,DE,7.08,1017,83,overcast clouds,2025-03-25T18:52:37
Tokyo,JP,17.94,1000,67,clear sky,2025-03-25T18:52:37
Paris,FR,11.43,1022,76,overcast clouds,2025-03-25T18:53:09
London,GB,12.94,1023,83,overcast clouds,2025-03-25T18:53:09
New York,US,13.7,1011,33,broken clouds,2025-03-25T18:53:09
Berlin,DE,7.08,1017,83,overcast clouds,2025-03-25T18:53:09
Tokyo,JP,17.94,1000,67,clear sky,2025-03-25T18:53:09
Paris,FR,11.43,1022,76,overcast clouds,2025-03-25T18:54:09
London,GB,12.94,1023,83,overcast clouds,2025-03-25T18:54:09
New York,US,13.7,1011,33,broken clouds,2025-03-25T18:54:09
Berlin,DE,7.08,1017,83,overcast clouds,2025-03-25T18:54:09
Tokyo,JP,17.94,1000,67,clear sky,2025-03-25T18:54:09
Paris,FR,11.43,1022,76,overcast clouds,2025-03-25T18:55:09
London,GB,12.94,1023,83,overcast clouds,2025-03-25T18:55:09
New York,US,13.7,1011,33,broken clouds,2025-03-25T18:55:09
Berlin,DE,7.08,1017,83,overcast clouds,2025-03-25T18:55:09
Tokyo,JP,17.94,1000,67,clear sky,2025-03-25T18:55:09
Paris,FR,11.43,1022,76,overcast clouds,2025-03-25T18:56:09
London,GB,12.94,1023,83,overcast clouds,2025-03-25T18:56:09
New York,US,13.69,1011,33,broken clouds,2025-03-25T18:56:09
Berlin,DE,7.08,1017,83,overcast clouds,2025-03-25T18:56:09
Tokyo,JP,17.83,1000,67,clear sky,2025-03-25T18:56:09
Paris,FR,11.43,1022,76,overcast clouds,2025-03-25T18:57:09
London,GB,12.94,1023,83,overcast clouds,2025-03-25T18:57:09
New York,US,13.79,1011,33,broken clouds,2025-03-25T18:57:09
Berlin,DE,7.75,1017,79,overcast clouds,2025-03-25T18:57:09
Tokyo,JP,17.84,1000,67,clear sky,2025-03-25T18:57:09
Paris,FR,11.43,1022,76,overcast clouds,2025-03-25T18:58:09
London,GB,12.94,1023,83,overcast clouds,2025-03-25T18:58:09
New York,US,13.79,1011,33,broken clouds,2025-03-25T18:58:09
Berlin,DE,7.75,1017,79,overcast clouds,2025-03-25T18:58:09
Tokyo,JP,17.84,1000,67,clear sky,2025-03-25T18:58:09
Paris,FR,11.43,1022,76,overcast clouds,2025-03-25T18:59:09
London,GB,12.94,1023,83,overcast clouds,2025-03-25T18:59:09
New York,US,13.79,1011,33,broken clouds,2025-03-25T18:59:09
Berlin,DE,7.75,1017,79,overcast clouds,2025-03-25T18:59:09
Tokyo,JP,17.84,1000,67,clear sky,2025-03-25T18:59:09
Paris,FR,11.43,1022,76,overcast clouds,2025-03-25T19:00:10
London,GB,12.94,1023,83,overcast clouds,2025-03-25T19:00:10
New York,US,13.79,1011,33,broken clouds,2025-03-25T19:00:10
Berlin,DE,7.75,1017,79,overcast clouds,2025-03-25T19:00:10
Tokyo,JP,17.84,1000,67,clear sky,2025-03-25T19:00:10
Paris,FR,11.43,1022,76,overcast clouds,2025-03-25T19:01:09
London,GB,12.94,1023,83,overcast clouds,2025-03-25T19:01:09
New York,US,13.79,1011,33,broken clouds,2025-03-25T19:01:09
Berlin,DE,7.08,1017,83,overcast clouds,2025-03-25T19:01:09
Tokyo,JP,17.84,1000,67,clear sky,2025-03-25T19:01:09
Paris,FR,11.43,1022,76,overcast clouds,2025-03-25T19:02:09
London,GB,12.89,1023,83,overcast clouds,2025-03-25T19:02:09
New York,US,13.78,1011,33,broken clouds,2025-03-25T19:02:09
Berlin,DE,6.96,1017,83,overcast clouds,2025-03-25T19:02:09
Tokyo,JP,17.91,1000,67,clear sky,2025-03-25T19:02:09
Paris,FR,11.43,1022,76,overcast clouds,2025-03-25T19:03:09
London,GB,12.89,1023,83,overcast clouds,2025-03-25T19:03:09
New York,US,13.78,1011,33,broken clouds,2025-03-25T19:03:09
Berlin,DE,6.96,1017,83,overcast clouds,2025-03-25T19:03:09
Tokyo,JP,17.91,1000,67,clear sky,2025-03-25T19:03:09
Paris,FR,11.43,1022,76,overcast clouds,2025-03-25T19:04:09
London,GB,12.89,1023,83,overcast clouds,2025-03-25T19:04:09
New York,US,13.78,1011,33,broken clouds,2025-03-25T19:04:09
Berlin,DE,6.96,1017,83,overcast clouds,2025-03-25T19:04:09
Tokyo,JP,17.91,1000,67,clear sky,2025-03-25T19:04:09
Paris,FR,11.43,1022,76,overcast clouds,2025-03-25T19:05:09
London,GB,12.89,1023,83,overcast clouds,2025-03-25T19:05:09
New York,US,13.78,1011,33,broken clouds,2025-03-25T19:05:09
Berlin,DE,6.96,1017,83,overcast clouds,2025-03-25T19:05:09
Tokyo,JP,17.91,1000,67,clear sky,2025-03-25T19:05:09
Paris,FR,11.31,1022,77,overcast clouds,2025-03-25T19:06:09
London,GB,12.94,1023,83,overcast clouds,2025-03-25T19:06:09
New York,US,13.86,1011,32,broken clouds,2025-03-25T19:06:09
Berlin,DE,6.96,1017,83,overcast clouds,2025-03-25T19:06:09
Tokyo,JP,17.91,1000,67,clear sky,2025-03-25T19:06:09
Paris,FR,11.43,1022,76,overcast clouds,2025-03-25T19:07:09
London,GB,12.89,1023,83,overcast clouds,2025-03-25T19:07:09
New York,US,13.78,1011,33,broken clouds,2025-03-25T19:07:09
Berlin,DE,6.96,1017,83,overcast clouds,2025-03-25T19:07:09
Tokyo,JP,17.91,1000,67,clear sky,2025-03-25T19:07:09
Paris,FR,11.43,1022,76,overcast clouds,2025-03-25T19:08:09
London,GB,12.89,1023,83,overcast clouds,2025-03-25T19:08:09
New York,US,13.78,1011,33,broken clouds,2025-03-25T19:08:09
Berlin,DE,6.96,1017,83,overcast clouds,2025-03-25T19:08:09
Tokyo,JP,17.91,1000,67,clear sky,2025-03-25T19:08:09
Paris,FR,11.43,1022,76,overcast clouds,2025-03-25T19:09:09
London,GB,12.89,1023,83,overcast clouds,2025-03-25T19:09:09
New York,US,13.78,1011,33,broken clouds,2025-03-25T19:09:09
Berlin,DE,6.96,1017,83,overcast clouds,2025-03-25T19:09:09
Tokyo,JP,17.91,1000,67,clear sky,2025-03-25T19:09:09
Paris,FR,11.31,1022,77,overcast clouds,2025-03-25T19:10:09
London,GB,12.84,1023,84,overcast clouds,2025-03-25T19:10:09
New York,US,13.95,1011,32,broken clouds,2025-03-25T19:10:09
Berlin,DE,7.08,1017,83,overcast clouds,2025-03-25T19:10:09
Tokyo,JP,17.91,1000,67,clear sky,2025-03-25T19:10:09
Paris,FR,11.31,1022,77,overcast clouds,2025-03-25T19:11:08
London,GB,12.84,1023,84,overcast clouds,2025-03-25T19:11:08
New York,US,13.95,1011,32,broken clouds,2025-03-25T19:11:08
Berlin,DE,7.22,1017,79,overcast clouds,2025-03-25T19:11:08
Tokyo,JP,17.91,1000,67,clear sky,2025-03-25T19:11:08
Paris,FR,11.31,1022,77,overcast clouds,2025-03-25T19:12:08
London,GB,12.84,1023,84,overcast clouds,2025-03-25T19:12:08
New York,US,13.95,1011,32,broken clouds,2025-03-25T19:12:08
Berlin,DE,7.22,1017,79,overcast clouds,2025-03-25T19:12:08
Tokyo,JP,17.91,1000,67,clear sky,2025-03-25T19:12:08
Paris,FR,11.31,1022,77,overcast clouds,2025-03-25T19:13:09
London,GB,12.84,1023,84,overcast clouds,2025-03-25T19:13:09
New York,US,13.95,1011,32,broken clouds,2025-03-25T19:13:09
Berlin,DE,7.22,1017,79,overcast clouds,2025-03-25T19:13:09
Tokyo,JP,17.91,1000,67,clear sky,2025-03-25T19:13:09
Paris,FR,11.31,1022,77,overcast clouds,2025-03-25T19:14:09
London,GB,12.84,1023,84,overcast clouds,2025-03-25T19:14:09
New York,US,13.95,1011,32,broken clouds,2025-03-25T19:14:09
Berlin,DE,7.22,1017,79,overcast clouds,2025-03-25T19:14:09
Tokyo,JP,17.91,1000,67,clear sky,2025-03-25T19:14:09
Paris,FR,11.31,1022,77,overcast clouds,2025-03-25T19:15:09
London,GB,12.84,1023,84,overcast clouds,2025-03-25T19:15:09
New York,US,13.92,1011,32,broken clouds,2025-03-25T19:15:09
Berlin,DE,6.98,1017,84,overcast clouds,2025-03-25T19:15:09
Tokyo,JP,17.91,1000,67,clear sky,2025-03-25T19:15:09
Paris,FR,11.31,1022,77,overcast clouds,2025-03-25T19:16:09
London,GB,12.84,1023,84,overcast clouds,2025-03-25T19:16:09
New York,US,13.92,1011,32,broken clouds,2025-03-25T19:16:09
Berlin,DE,6.98,1017,84,overcast clouds,2025-03-25T19:16:09
Tokyo,JP,17.91,1000,67,clear sky,2025-03-25T19:16:09
Paris,FR,11.31,1022,77,overcast clouds,2025-03-25T19:17:09
London,GB,12.84,1023,84,overcast clouds,2025-03-25T19:17:09
New York,US,13.92,1011,32,broken clouds,2025-03-25T19:17:09
Berlin,DE,6.98,1017,84,overcast clouds,2025-03-25T19:17:09
Tokyo,JP,17.91,1000,67,clear sky,2025-03-25T19:17:09
Paris,FR,11.31,1022,77,overcast clouds,2025-03-25T19:18:12
London,GB,12.84,1023,84,overcast clouds,2025-03-25T19:18:12
New York,US,13.92,1011,32,broken clouds,2025-03-25T19:18:12
Berlin,DE,6.98,1017,84,overcast clouds,2025-03-25T19:18:12
Tokyo,JP,17.91,1000,67,clear sky,2025-03-25T19:18:12
Paris,FR,11.31,1022,77,overcast clouds,2025-03-25T19:19:12
London,GB,12.84,1023,84,overcast clouds,2025-03-25T19:19:12
New York,US,13.92,1011,32,broken clouds,2025-03-25T19:19:12
Berlin,DE,6.98,1017,84,overcast clouds,2025-03-25T19:19:12
Tokyo,JP,17.91,1000,67,clear sky,2025-03-25T19:19:12
Paris,FR,11.18,1022,78,overcast clouds,2025-03-25T19:20:09
London,GB,12.74,1023,84,overcast clouds,2025-03-25T19:20:09
New York,US,13.96,1011,32,broken clouds,2025-03-25T19:20:09
Berlin,DE,6.94,1017,84,overcast clouds,2025-03-25T19:20:09
Tokyo,JP,17.73,1000,68,clear sky,2025-03-25T19:20:09
Paris,FR,11.18,1022,78,overcast clouds,2025-03-25T19:21:09
London,GB,12.74,1023,84,overcast clouds,2025-03-25T19:21:09
New York,US,13.96,1011,32,broken clouds,2025-03-25T19:21:09
Berlin,DE,6.94,1017,84,overcast clouds,2025-03-25T19:21:09
Tokyo,JP,17.73,1000,68,clear sky,2025-03-25T19:21:09
Paris,FR,11.18,1022,78,overcast clouds,2025-03-25T19:22:09
London,GB,12.74,1023,84,overcast clouds,2025-03-25T19:22:09
New York,US,13.96,1011,32,broken clouds,2025-03-25T19:22:09
Berlin,DE,6.94,1017,84,overcast clouds,2025-03-25T19:22:09
Tokyo,JP,17.73,1000,68,clear sky,2025-03-25T19:22:09
Paris,FR,11.18,1022,78,overcast clouds,2025-03-25T19:23:09
London,GB,12.74,1023,84,overcast clouds,2025-03-25T19:23:09
New York,US,13.96,1011,32,broken clouds,2025-03-25T19:23:09
Berlin,DE,6.94,1017,84,overcast clouds,2025-03-25T19:23:09
Tokyo,JP,17.73,1000,68,clear sky,2025-03-25T19:23:09
Paris,FR,11.18,1022,79,overcast clouds,2025-03-25T19:24:09
London,GB,12.61,1023,84,overcast clouds,2025-03-25T19:24:09
New York,US,13.99,1011,32,broken clouds,2025-03-25T19:24:09
Berlin,DE,6.99,1017,84,overcast clouds,2025-03-25T19:24:09
Tokyo,JP,17.72,1000,68,clear sky,2025-03-25T19:24:09
Paris,FR,11.18,1022,79,overcast clouds,2025-03-25T19:25:10
London,GB,12.61,1023,84,overcast clouds,2025-03-25T19:25:10
New York,US,13.99,1011,32,broken clouds,2025-03-25T19:25:10
Berlin,DE,6.99,1017,84,overcast clouds,2025-03-25T19:25:10
Tokyo,JP,17.72,1000,68,clear sky,2025-03-25T19:25:10
Paris,FR,11.18,1022,79,overcast clouds,2025-03-25T19:26:09
London,GB,12.61,1023,84,overcast clouds,2025-03-25T19:26:09
New York,US,13.99,1011,32,broken clouds,2025-03-25T19:26:09
Berlin,DE,6.99,1017,84,overcast clouds,2025-03-25T19:26:09
Tokyo,JP,17.73,1000,68,clear sky,2025-03-25T19:26:09
Paris,FR,11.18,1022,79,overcast clouds,2025-03-25T19:27:09
London,GB,12.61,1023,84,overcast clouds,2025-03-25T19:27:09
New York,US,13.99,1011,32,broken clouds,2025-03-25T19:27:09
Berlin,DE,6.99,1017,84,overcast clouds,2025-03-25T19:27:09
Tokyo,JP,17.73,1000,68,clear sky,2025-03-25T19:27:09
Paris,FR,11.18,1022,79,overcast clouds,2025-03-25T19:28:09
London,GB,12.61,1023,84,overcast clouds,2025-03-25T19:28:09
New York,US,13.99,1011,32,broken clouds,2025-03-25T19:28:09
Berlin,DE,6.99,1017,84,overcast clouds,2025-03-25T19:28:09
Tokyo,JP,17.73,1000,68,clear sky,2025-03-25T19:28:09
Paris,FR,11.18,1022,79,overcast clouds,2025-03-25T19:29:09
London,GB,12.61,1023,84,overcast clouds,2025-03-25T19:29:09
New York,US,13.99,1011,32,broken clouds,2025-03-25T19:29:09
Berlin,DE,6.99,1017,84,overcast clouds,2025-03-25T19:29:09
Tokyo,JP,17.73,1000,68,clear sky,2025-03-25T19:29:09
Paris,FR,11.18,1022,79,overcast clouds,2025-03-25T19:30:13
London,GB,12.61,1023,84,overcast clouds,2025-03-25T19:30:13
New York,US,14.01,1011,31,broken clouds,2025-03-25T19:30:13
Berlin,DE,7.18,1017,80,overcast clouds,2025-03-25T19:30:13
Tokyo,JP,17.72,1000,68,clear sky,2025-03-25T19:30:13
Paris,FR,11.18,1022,79,overcast clouds,2025-03-25T19:31:09
London,GB,12.61,1023,84,overcast clouds,2025-03-25T19:31:09
New York,US,14.01,1011,31,broken clouds,2025-03-25T19:31:09
Berlin,DE,7.18,1017,80,overcast clouds,2025-03-25T19:31:09
Tokyo,JP,17.72,1000,68,clear sky,2025-03-25T19:31:09
Paris,FR,11.18,1022,79,overcast clouds,2025-03-25T19:32:09
London,GB,12.61,1023,84,overcast clouds,2025-03-25T19:32:09
New York,US,14.01,1011,31,broken clouds,2025-03-25T19:32:09
Berlin,DE,7.18,1017,80,overcast clouds,2025-03-25T19:32:09
Tokyo,JP,17.72,1000,68,clear sky,2025-03-25T19:32:09
Paris,FR,11.18,1022,79,overcast clouds,2025-03-25T19:33:09
London,GB,12.61,1023,84,overcast clouds,2025-03-25T19:33:09
New York,US,14.01,1011,31,broken clouds,2025-03-25T19:33:09
Berlin,DE,7.18,1017,80,overcast clouds,2025-03-25T19:33:09
Tokyo,JP,17.72,1000,68,clear sky,2025-03-25T19:33:09
Paris,FR,11.09,1023,79,overcast clouds,2025-03-25T19:34:09
London,GB,12.62,1024,84,overcast clouds,2025-03-25T19:34:09
New York,US,14.01,1011,31,broken clouds,2025-03-25T19:34:09
Berlin,DE,7.22,1017,79,overcast clouds,2025-03-25T19:34:09
Tokyo,JP,17.72,1000,68,clear sky,2025-03-25T19:34:09
Paris,FR,11.18,1022,79,overcast clouds,2025-03-25T19:35:10
London,GB,12.61,1023,84,overcast clouds,2025-03-25T19:35:10
New York,US,13.99,1011,32,broken clouds,2025-03-25T19:35:10
Berlin,DE,7.4,1018,79,overcast clouds,2025-03-25T19:35:10
Tokyo,JP,17.73,1000,68,clear sky,2025-03-25T19:35:10
Paris,FR,11.09,1023,79,overcast clouds,2025-03-25T19:36:09
London,GB,12.62,1024,84,overcast clouds,2025-03-25T19:36:09
New York,US,14.08,1011,31,broken clouds,2025-03-25T19:36:09
Berlin,DE,7.4,1018,79,overcast clouds,2025-03-25T19:36:09
Tokyo,JP,17.8,1000,68,clear sky,2025-03-25T19:36:09
Paris,FR,11.09,1023,79,overcast clouds,2025-03-25T19:37:09
London,GB,12.62,1024,84,overcast clouds,2025-03-25T19:37:09
New York,US,14.08,1011,31,broken clouds,2025-03-25T19:37:09
Berlin,DE,7.4,1018,79,overcast clouds,2025-03-25T19:37:09
Tokyo,JP,17.8,1000,68,clear sky,2025-03-25T19:37:09
Paris,FR,11.09,1023,79,overcast clouds,2025-03-25T19:38:09
London,GB,12.62,1024,84,overcast clouds,2025-03-25T19:38:09
New York,US,14.08,1011,31,broken clouds,2025-03-25T19:38:09
Berlin,DE,7.4,1018,79,overcast clouds,2025-03-25T19:38:09
Tokyo,JP,17.8,1000,68,clear sky,2025-03-25T19:38:09
Paris,FR,11.09,1023,79,overcast clouds,2025-03-25T19:39:09
London,GB,12.62,1024,84,overcast clouds,2025-03-25T19:39:09
New York,US,14.08,1011,31,broken clouds,2025-03-25T19:39:09
Berlin,DE,7.4,1018,79,overcast clouds,2025-03-25T19:39:09
Tokyo,JP,17.8,1000,68,clear sky,2025-03-25T19:39:09
Paris,FR,11.09,1023,79,overcast clouds,2025-03-25T19:40:09
London,GB,12.62,1024,84,overcast clouds,2025-03-25T19:40:09
New York,US,14.01,1011,31,broken clouds,2025-03-25T19:40:09
Berlin,DE,7.22,1017,79,overcast clouds,2025-03-25T19:40:09
Tokyo,JP,17.72,1000,68,clear sky,2025-03-25T19:40:09
Paris,FR,10.9,1023,79,overcast clouds,2025-03-25T19:41:08
London,GB,12.59,1024,84,overcast clouds,2025-03-25T19:41:08
New York,US,14.1,1011,31,broken clouds,2025-03-25T19:41:08
Berlin,DE,7.4,1018,79,overcast clouds,2025-03-25T19:41:08
Tokyo,JP,17.8,1000,68,clear sky,2025-03-25T19:41:08
Paris,FR,10.9,1023,79,overcast clouds,2025-03-25T19:42:09
London,GB,12.59,1024,84,overcast clouds,2025-03-25T19:42:09
New York,US,14.1,1011,31,broken clouds,2025-03-25T19:42:09
Berlin,DE,7.4,1018,79,overcast clouds,2025-03-25T19:42:09
Tokyo,JP,17.8,1000,68,clear sky,2025-03-25T19:42:09
Paris,FR,11.09,1023,79,overcast clouds,2025-03-25T19:43:09
London,GB,12.62,1024,84,overcast clouds,2025-03-25T19:43:09
New York,US,14.08,1011,31,broken clouds,2025-03-25T19:43:09
Berlin,DE,7.4,1018,79,overcast clouds,2025-03-25T19:43:09
Tokyo,JP,17.8,1000,68,clear sky,2025-03-25T19:43:09
Paris,FR,11.09,1023,79,overcast clouds,2025-03-25T19:44:09
London,GB,12.62,1024,84,overcast clouds,2025-03-25T19:44:09
New York,US,14.08,1011,31,broken clouds,2025-03-25T19:44:09
Berlin,DE,7.4,1018,79,overcast clouds,2025-03-25T19:44:09
Tokyo,JP,17.8,1000,68,clear sky,2025-03-25T19:44:09
Paris,FR,11.09,1023,79,overcast clouds,2025-03-25T19:45:09
London,GB,12.62,1024,84,overcast clouds,2025-03-25T19:45:09
New York,US,14.08,1011,31,broken clouds,2025-03-25T19:45:09
Berlin,DE,7.4,1018,79,overcast clouds,2025-03-25T19:45:09
Tokyo,JP,17.8,1000,68,clear sky,2025-03-25T19:45:09
Paris,FR,10.9,1023,79,overcast clouds,2025-03-25T19:46:08
London,GB,12.59,1024,84,overcast clouds,2025-03-25T19:46:08
New York,US,14.1,1011,31,broken clouds,2025-03-25T19:46:08
Berlin,DE,7.06,1018,84,overcast clouds,2025-03-25T19:46:08
Tokyo,JP,17.8,1000,68,clear sky,2025-03-25T19:46:08
Paris,FR,10.7,1023,80,overcast clouds,2025-03-25T19:47:09
London,GB,12.59,1024,85,overcast clouds,2025-03-25T19:47:09
New York,US,14.06,1011,31,broken clouds,2025-03-25T19:47:09
Berlin,DE,7.11,1018,84,overcast clouds,2025-03-25T19:47:09
Tokyo,JP,17.8,1000,67,clear sky,2025-03-25T19:47:09
Paris,FR,10.7,1023,80,overcast clouds,2025-03-25T19:48:10
London,GB,12.59,1024,85,overcast clouds,2025-03-25T19:48:10
New York,US,14.06,1011,31,broken clouds,2025-03-25T19:48:10
Berlin,DE,7.11,1018,84,overcast clouds,2025-03-25T19:48:10
Tokyo,JP,17.8,1000,67,clear sky,2025-03-25T19:48:10
Paris,FR,10.7,1023,80,overcast clouds,2025-03-25T19:49:09
London,GB,12.59,1024,85,overcast clouds,2025-03-25T19:49:09
New York,US,14.06,1011,31,broken clouds,2025-03-25T19:49:09
Berlin,DE,7.11,1018,84,overcast clouds,2025-03-25T19:49:09
Tokyo,JP,17.8,1000,67,clear sky,2025-03-25T19:49:09
Paris,FR,10.7,1023,80,overcast clouds,2025-03-25T19:50:09
London,GB,12.59,1024,85,overcast clouds,2025-03-25T19:50:09
New York,US,14.06,1011,31,broken clouds,2025-03-25T19:50:09
Berlin,DE,7.11,1018,84,overcast clouds,2025-03-25T19:50:09
Tokyo,JP,17.8,1000,67,clear sky,2025-03-25T19:50:09
Paris,FR,10.7,1023,80,overcast clouds,2025-03-25T19:51:09
London,GB,12.52,1024,85,overcast clouds,2025-03-25T19:51:09
New York,US,14.01,1011,31,broken clouds,2025-03-25T19:51:09
Berlin,DE,7.06,1018,84,overcast clouds,2025-03-25T19:51:09
Tokyo,JP,17.8,1000,67,clear sky,2025-03-25T19:51:09
Paris,FR,10.7,1023,80,overcast clouds,2025-03-25T19:52:09
London,GB,12.52,1024,85,overcast clouds,2025-03-25T19:52:09
New York,US,14.01,1011,31,broken clouds,2025-03-25T19:52:09
Berlin,DE,7.06,1018,84,overcast clouds,2025-03-25T19:52:09
Tokyo,JP,17.8,1000,67,clear sky,2025-03-25T19:52:09
Paris,FR,10.7,1023,80,overcast clouds,2025-03-25T19:53:09
London,GB,12.52,1024,85,overcast clouds,2025-03-25T19:53:09
New York,US,14.01,1011,31,broken clouds,2025-03-25T19:53:09
Berlin,DE,7.06,1018,84,overcast clouds,2025-03-25T19:53:09
Tokyo,JP,17.8,1000,67,clear sky,2025-03-25T19:53:09
Paris,FR,10.7,1023,80,overcast clouds,2025-03-25T19:54:09
London,GB,12.52,1024,85,overcast clouds,2025-03-25T19:54:09
New York,US,14.04,1011,31,broken clouds,2025-03-25T19:54:09
Berlin,DE,7.35,1018,79,overcast clouds,2025-03-25T19:54:09
Tokyo,JP,17.8,1000,67,clear sky,2025-03-25T19:54:09
Paris,FR,10.7,1023,80,overcast clouds,2025-03-25T19:55:09
London,GB,12.52,1024,85,overcast clouds,2025-03-25T19:55:09
New York,US,14.04,1011,31,broken clouds,2025-03-25T19:55:09
Berlin,DE,7.35,1018,79,overcast clouds,2025-03-25T19:55:09
Tokyo,JP,17.8,1000,67,clear sky,2025-03-25T19:55:09
Paris,FR,10.7,1023,80,overcast clouds,2025-03-25T19:56:10
London,GB,12.52,1024,85,overcast clouds,2025-03-25T19:56:10
New York,US,14.04,1011,31,broken clouds,2025-03-25T19:56:10
Berlin,DE,7.35,1018,79,overcast clouds,2025-03-25T19:56:10
Tokyo,JP,17.8,1000,67,clear sky,2025-03-25T19:56:10
Paris,FR,10.67,1023,80,overcast clouds,2025-03-25T19:57:08
London,GB,12.52,1024,85,overcast clouds,2025-03-25T19:57:08
New York,US,14.13,1011,31,broken clouds,2025-03-25T19:57:08
Berlin,DE,7.35,1018,79,overcast clouds,2025-03-25T19:57:08
Tokyo,JP,17.8,1000,67,clear sky,2025-03-25T19:57:08
Paris,FR,10.67,1023,80,overcast clouds,2025-03-25T19:58:09
London,GB,12.52,1024,85,overcast clouds,2025-03-25T19:58:09
New York,US,14.13,1011,31,broken clouds,2025-03-25T19:58:09
Berlin,DE,7.35,1018,79,overcast clouds,2025-03-25T19:58:09
Tokyo,JP,17.8,1000,67,clear sky,2025-03-25T19:58:09
Paris,FR,10.67,1023,80,overcast clouds,2025-03-25T19:59:08
London,GB,12.52,1024,85,overcast clouds,2025-03-25T19:59:08
New York,US,14.13,1011,31,broken clouds,2025-03-25T19:59:08
Berlin,DE,7.35,1018,79,overcast clouds,2025-03-25T19:59:08
Tokyo,JP,17.8,1000,67,clear sky,2025-03-25T19:59:08
Paris,FR,10.67,1023,80,overcast clouds,2025-03-25T20:00:13
London,GB,12.52,1024,85,overcast clouds,2025-03-25T20:00:13
New York,US,14.13,1011,31,broken clouds,2025-03-25T20:00:13
Berlin,DE,7.35,1018,79,overcast clouds,2025-03-25T20:00:13
Tokyo,JP,17.8,1000,67,clear sky,2025-03-25T20:00:13
Paris,FR,10.67,1023,80,overcast clouds,2025-03-25T20:01:09
London,GB,12.52,1024,85,overcast clouds,2025-03-25T20:01:09
New York,US,14.08,1011,32,broken clouds,2025-03-25T20:01:09
Berlin,DE,6.94,1018,85,overcast clouds,2025-03-25T20:01:09
Tokyo,JP,17.8,1000,67,clear sky,2025-03-25T20:01:09
Paris,FR,10.67,1023,80,overcast clouds,2025-03-25T20:02:09
London,GB,12.52,1024,85,overcast clouds,2025-03-25T20:02:09
New York,US,14.08,1011,32,broken clouds,2025-03-25T20:02:09
Berlin,DE,6.94,1018,85,overcast clouds,2025-03-25T20:02:09
Tokyo,JP,17.8,1000,67,clear sky,2025-03-25T20:02:09
Paris,FR,10.67,1023,80,overcast clouds,2025-03-25T20:03:09
London,GB,12.52,1024,85,overcast clouds,2025-03-25T20:03:09
New York,US,14.08,1011,32,broken clouds,2025-03-25T20:03:09
Berlin,DE,6.94,1018,85,overcast clouds,2025-03-25T20:03:09
Tokyo,JP,17.8,1000,67,clear sky,2025-03-25T20:03:09
Paris,FR,10.67,1023,80,overcast clouds,2025-03-25T20:04:09
London,GB,12.52,1024,85,overcast clouds,2025-03-25T20:04:09
New York,US,14.08,1011,32,broken clouds,2025-03-25T20:04:09
Berlin,DE,6.94,1018,85,overcast clouds,2025-03-25T20:04:09
Tokyo,JP,17.8,1000,67,clear sky,2025-03-25T20:04:09
Paris,FR,10.67,1023,80,overcast clouds,2025-03-25T20:05:10
London,GB,12.52,1024,85,overcast clouds,2025-03-25T20:05:10
New York,US,14.08,1011,32,broken clouds,2025-03-25T20:05:10
Berlin,DE,6.94,1018,85,overcast clouds,2025-03-25T20:05:10
Tokyo,JP,17.8,1000,67,clear sky,2025-03-25T20:05:10
Paris,FR,10.67,1023,80,overcast clouds,2025-03-25T20:06:09
London,GB,12.52,1024,85,overcast clouds,2025-03-25T20:06:09
New York,US,14.08,1011,32,broken clouds,2025-03-25T20:06:09
Berlin,DE,6.94,1018,85,overcast clouds,2025-03-25T20:06:09
Tokyo,JP,17.8,1000,67,clear sky,2025-03-25T20:06:09
Paris,FR,10.67,1023,80,overcast clouds,2025-03-25T20:07:09
London,GB,12.52,1024,85,overcast clouds,2025-03-25T20:07:09
New York,US,14.08,1011,32,broken clouds,2025-03-25T20:07:09
Berlin,DE,6.94,1018,85,overcast clouds,2025-03-25T20:07:09
Tokyo,JP,17.8,1000,67,clear sky,2025-03-25T20:07:09
Paris,FR,10.67,1023,80,overcast clouds,2025-03-25T20:08:09
London,GB,12.52,1024,85,overcast clouds,2025-03-25T20:08:09
New York,US,14.08,1011,32,broken clouds,2025-03-25T20:08:09
Berlin,DE,6.94,1018,85,overcast clouds,2025-03-25T20:08:09
Tokyo,JP,17.8,1000,67,clear sky,2025-03-25T20:08:09
Paris,FR,11.45,1024,88,overcast clouds,2025-03-26T11:12:17
London,GB,14.99,1026,68,scattered clouds,2025-03-26T11:12:17
New York,US,5.16,1016,57,clear sky,2025-03-26T11:12:17
Berlin,DE,8.85,1019,82,overcast clouds,2025-03-26T11:12:17
Tokyo,JP,18.19,1009,40,clear sky,2025-03-26T11:12:17
Paris,FR,11.45,1024,88,overcast clouds,2025-03-26T11:12:37
London,GB,14.99,1026,68,scattered clouds,2025-03-26T11:12:37
New York,US,5.16,1016,57,clear sky,2025-03-26T11:12:37
Berlin,DE,8.85,1019,82,overcast clouds,2025-03-26T11:12:37
Tokyo,JP,18.19,1009,40,clear sky,2025-03-26T11:12:37
Paris,FR,11.45,1024,88,overcast clouds,2025-03-26T11:13:09
London,GB,14.99,1026,68,scattered clouds,2025-03-26T11:13:09
New York,US,5.16,1016,57,clear sky,2025-03-26T11:13:09
Berlin,DE,8.85,1019,82,overcast clouds,2025-03-26T11:13:09
Tokyo,JP,18.19,1009,40,clear sky,2025-03-26T11:13:09
Paris,FR,11.45,1024,88,overcast clouds,2025-03-26T11:14:09
London,GB,14.99,1026,68,scattered clouds,2025-03-26T11:14:09
New York,US,5.16,1016,57,clear sky,2025-03-26T11:14:09
Berlin,DE,8.85,1019,82,overcast clouds,2025-03-26T11:14:09
Tokyo,JP,18.19,1009,40,clear sky,2025-03-26T11:14:09
Paris,FR,11.45,1024,88,overcast clouds,2025-03-26T11:15:08
London,GB,14.99,1026,68,scattered clouds,2025-03-26T11:15:08
New York,US,5.16,1016,57,clear sky,2025-03-26T11:15:08
Berlin,DE,8.85,1019,82,overcast clouds,2025-03-26T11:15:08
Tokyo,JP,18.19,1009,40,clear sky,2025-03-26T11:15:08
Paris,FR,11.45,1024,88,overcast clouds,2025-03-26T11:16:09
London,GB,14.99,1026,68,scattered clouds,2025-03-26T11:16:09
New York,US,5.16,1016,57,clear sky,2025-03-26T11:16:09
Berlin,DE,9.02,1019,82,overcast clouds,2025-03-26T11:16:09
Tokyo,JP,18.19,1009,40,clear sky,2025-03-26T11:16:09
Paris,FR,11.45,1024,88,overcast clouds,2025-03-26T11:17:09
London,GB,14.99,1026,68,scattered clouds,2025-03-26T11:17:09
New York,US,5.16,1016,57,clear sky,2025-03-26T11:17:09
Berlin,DE,8.85,1019,82,overcast clouds,2025-03-26T11:17:09
Tokyo,JP,18.19,1009,40,clear sky,2025-03-26T11:17:09
Paris,FR,11.45,1024,88,overcast clouds,2025-03-26T11:18:09
London,GB,14.99,1026,68,scattered clouds,2025-03-26T11:18:09
New York,US,5.18,1016,57,clear sky,2025-03-26T11:18:09
Berlin,DE,9.02,1019,82,overcast clouds,2025-03-26T11:18:09
Tokyo,JP,19.2,1009,31,clear sky,2025-03-26T11:18:09
Paris,FR,11.45,1024,88,overcast clouds,2025-03-26T11:19:12
London,GB,14.99,1026,68,scattered clouds,2025-03-26T11:19:12
New York,US,5.18,1016,57,clear sky,2025-03-26T11:19:12
Berlin,DE,9.02,1019,82,overcast clouds,2025-03-26T11:19:12
Tokyo,JP,19.2,1009,31,clear sky,2025-03-26T11:19:12
Paris,FR,11.45,1024,88,overcast clouds,2025-03-26T11:20:12
London,GB,14.99,1026,68,scattered clouds,2025-03-26T11:20:12
New York,US,5.18,1016,57,clear sky,2025-03-26T11:20:12
Berlin,DE,9.02,1019,82,overcast clouds,2025-03-26T11:20:12
Tokyo,JP,19.2,1009,31,clear sky,2025-03-26T11:20:12
Paris,FR,11.45,1024,88,overcast clouds,2025-03-26T11:21:13
London,GB,14.99,1026,68,scattered clouds,2025-03-26T11:21:13
New York,US,5.18,1016,57,clear sky,2025-03-26T11:21:13
Berlin,DE,9.02,1019,82,overcast clouds,2025-03-26T11:21:13
Tokyo,JP,19.2,1009,31,clear sky,2025-03-26T11:21:13
Paris,FR,11.87,1024,86,mist,2025-03-26T11:22:13
London,GB,14.33,1026,69,scattered clouds,2025-03-26T11:22:13
New York,US,5.21,1016,56,clear sky,2025-03-26T11:22:13
Berlin,DE,9.13,1019,81,overcast clouds,2025-03-26T11:22:13
Tokyo,JP,19.04,1009,35,clear sky,2025-03-26T11:22:13
Paris,FR,11.87,1024,86,mist,2025-03-26T11:23:12
London,GB,14.33,1026,69,scattered clouds,2025-03-26T11:23:12
New York,US,5.21,1016,56,clear sky,2025-03-26T11:23:12
Berlin,DE,9.13,1019,81,overcast clouds,2025-03-26T11:23:12
Tokyo,JP,19.04,1009,35,clear sky,2025-03-26T11:23:12
Paris,FR,11.87,1024,86,mist,2025-03-26T11:24:16
London,GB,14.33,1026,69,scattered clouds,2025-03-26T11:24:16
New York,US,5.21,1016,56,clear sky,2025-03-26T11:24:16
Berlin,DE,9.13,1019,81,overcast clouds,2025-03-26T11:24:16
Tokyo,JP,19.04,1009,35,clear sky,2025-03-26T11:24:16
Paris,FR,11.87,1024,86,mist,2025-03-26T11:25:12
London,GB,14.28,1026,69,scattered clouds,2025-03-26T11:25:12
New York,US,5.21,1016,56,clear sky,2025-03-26T11:25:12
Berlin,DE,9.17,1019,80,overcast clouds,2025-03-26T11:25:12
Tokyo,JP,19.04,1009,35,clear sky,2025-03-26T11:25:12
Paris,FR,11.87,1024,86,mist,2025-03-26T11:26:13
London,GB,14.28,1026,69,scattered clouds,2025-03-26T11:26:13
New York,US,5.21,1016,56,clear sky,2025-03-26T11:26:13
Berlin,DE,9.17,1019,80,overcast clouds,2025-03-26T11:26:13
Tokyo,JP,19.04,1009,35,clear sky,2025-03-26T11:26:13
Paris,FR,11.87,1024,86,mist,2025-03-26T11:27:12
London,GB,14.28,1026,69,scattered clouds,2025-03-26T11:27:12
New York,US,5.21,1016,56,clear sky,2025-03-26T11:27:12
Berlin,DE,9.17,1019,80,overcast clouds,2025-03-26T11:27:12
Tokyo,JP,19.04,1009,35,clear sky,2025-03-26T11:27:12
Paris,FR,11.87,1024,86,mist,2025-03-26T11:28:14
London,GB,14.28,1026,69,scattered clouds,2025-03-26T11:28:14
New York,US,5.21,1016,56,clear sky,2025-03-26T11:28:14
Berlin,DE,9.17,1019,80,overcast clouds,2025-03-26T11:28:14
Tokyo,JP,19.04,1009,35,clear sky,2025-03-26T11:28:14
Paris,FR,11.87,1024,86,mist,2025-03-26T11:29:13
London,GB,14.28,1026,69,scattered clouds,2025-03-26T11:29:13
New York,US,5.21,1016,56,clear sky,2025-03-26T11:29:13
Berlin,DE,9.17,1019,80,overcast clouds,2025-03-26T11:29:13
Tokyo,JP,19.04,1009,35,clear sky,2025-03-26T11:29:13
Paris,FR,11.87,1024,86,mist,2025-03-26T11:30:13
London,GB,14.33,1026,69,scattered clouds,2025-03-26T11:30:13
New York,US,5.29,1016,56,clear sky,2025-03-26T11:30:13
Berlin,DE,8.96,1019,81,overcast clouds,2025-03-26T11:30:13
Tokyo,JP,18.58,1009,41,clear sky,2025-03-26T11:30:13
Paris,FR,11.87,1024,86,mist,2025-03-26T11:31:14
London,GB,14.11,1026,69,scattered clouds,2025-03-26T11:31:14
New York,US,5.29,1016,56,clear sky,2025-03-26T11:31:14
Berlin,DE,8.96,1019,81,overcast clouds,2025-03-26T11:31:14
Tokyo,JP,18.58,1009,41,clear sky,2025-03-26T11:31:14
Paris,FR,11.87,1024,86,mist,2025-03-26T11:32:12
London,GB,14.11,1026,69,scattered clouds,2025-03-26T11:32:12
New York,US,5.29,1016,56,clear sky,2025-03-26T11:32:12
Berlin,DE,8.96,1019,81,overcast clouds,2025-03-26T11:32:12
Tokyo,JP,18.58,1009,41,clear sky,2025-03-26T11:32:12
Paris,FR,11.87,1024,86,mist,2025-03-26T11:33:13
London,GB,14.28,1026,69,scattered clouds,2025-03-26T11:33:13
New York,US,5.21,1016,56,clear sky,2025-03-26T11:33:13
Berlin,DE,9.17,1019,80,overcast clouds,2025-03-26T11:33:13
Tokyo,JP,19.04,1009,35,clear sky,2025-03-26T11:33:13
Paris,FR,11.87,1024,86,mist,2025-03-26T11:34:13
London,GB,14.28,1026,69,scattered clouds,2025-03-26T11:34:13
New York,US,5.21,1016,56,clear sky,2025-03-26T11:34:13
Berlin,DE,9.17,1019,80,overcast clouds,2025-03-26T11:34:13
Tokyo,JP,19.04,1009,35,clear sky,2025-03-26T11:34:13
Paris,FR,11.87,1024,86,mist,2025-03-26T11:35:12
London,GB,14.28,1026,69,scattered clouds,2025-03-26T11:35:12
New York,US,5.21,1016,56,clear sky,2025-03-26T11:35:12
Berlin,DE,9.17,1019,80,overcast clouds,2025-03-26T11:35:12
Tokyo,JP,19.04,1009,35,clear sky,2025-03-26T11:35:12
Paris,FR,11.95,1023,83,broken clouds,2025-03-26T11:36:12
London,GB,14.58,1025,69,scattered clouds,2025-03-26T11:36:12
New York,US,5.26,1017,56,clear sky,2025-03-26T11:36:12
Berlin,DE,9.06,1019,80,overcast clouds,2025-03-26T11:36:12
Tokyo,JP,18.56,1010,45,clear sky,2025-03-26T11:36:12
Paris,FR,11.95,1023,83,broken clouds,2025-03-26T11:37:13
London,GB,14.28,1026,69,scattered clouds,2025-03-26T11:37:13
New York,US,5.26,1017,56,clear sky,2025-03-26T11:37:13
Berlin,DE,9.05,1019,81,overcast clouds,2025-03-26T11:37:13
Tokyo,JP,18.56,1010,45,clear sky,2025-03-26T11:37:13
Paris,FR,11.95,1023,83,broken clouds,2025-03-26T11:38:12
London,GB,14.58,1025,69,scattered clouds,2025-03-26T11:38:12
New York,US,5.26,1017,56,clear sky,2025-03-26T11:38:12
Berlin,DE,9.05,1019,81,overcast clouds,2025-03-26T11:38:12
Tokyo,JP,18.56,1010,45,clear sky,2025-03-26T11:38:12
Paris,FR,11.95,1023,83,broken clouds,2025-03-26T11:39:13
London,GB,14.58,1025,69,scattered clouds,2025-03-26T11:39:13
New York,US,5.26,1017,56,clear sky,2025-03-26T11:39:13
Berlin,DE,9.05,1019,81,overcast clouds,2025-03-26T11:39:13
Tokyo,JP,18.56,1010,45,clear sky,2025-03-26T11:39:13
Paris,FR,11.95,1023,83,broken clouds,2025-03-26T11:40:12
London,GB,14.58,1025,69,scattered clouds,2025-03-26T11:40:12
New York,US,5.26,1017,56,clear sky,2025-03-26T11:40:12
Berlin,DE,9.05,1019,81,overcast clouds,2025-03-26T11:40:12
Tokyo,JP,18.56,1010,45,clear sky,2025-03-26T11:40:12
Paris,FR,11.95,1023,83,broken clouds,2025-03-26T11:41:13
London,GB,14.58,1025,69,scattered clouds,2025-03-26T11:41:13
New York,US,5.26,1017,56,clear sky,2025-03-26T11:41:13
Berlin,DE,9.19,1019,79,overcast clouds,2025-03-26T11:41:13
Tokyo,JP,18.56,1010,45,clear sky,2025-03-26T11:41:13
Paris,FR,12.36,1023,83,broken clouds,2025-03-26T11:42:13
London,GB,14.67,1025,68,scattered clouds,2025-03-26T11:42:13
New York,US,5.31,1017,56,clear sky,2025-03-26T11:42:13
Berlin,DE,9.27,1019,79,overcast clouds,2025-03-26T11:42:13
Tokyo,JP,18.56,1010,45,clear sky,2025-03-26T11:42:13
Paris,FR,12.36,1023,83,broken clouds,2025-03-26T11:43:13
London,GB,14.67,1025,68,scattered clouds,2025-03-26T11:43:13
New York,US,5.31,1017,56,clear sky,2025-03-26T11:43:13
Berlin,DE,9.27,1019,79,overcast clouds,2025-03-26T11:43:13
Tokyo,JP,18.56,1010,45,clear sky,2025-03-26T11:43:13
Paris,FR,12.36,1023,83,broken clouds,2025-03-26T11:44:12
London,GB,14.67,1025,68,scattered clouds,2025-03-26T11:44:12
New York,US,5.31,1017,56,clear sky,2025-03-26T11:44:12
Berlin,DE,9.27,1019,79,overcast clouds,2025-03-26T11:44:12
Tokyo,JP,18.56,1010,45,clear sky,2025-03-26T11:44:12
Paris,FR,11.95,1023,83,broken clouds,2025-03-26T11:45:12
London,GB,14.58,1025,69,scattered clouds,2025-03-26T11:45:12
New York,US,5.26,1017,56,clear sky,2025-03-26T11:45:12
Berlin,DE,9.06,1019,80,overcast clouds,2025-03-26T11:45:12
Tokyo,JP,18.56,1010,45,clear sky,2025-03-26T11:45:12
Paris,FR,12.08,1023,87,mist,2025-03-26T11:46:13
London,GB,14.55,1025,67,scattered clouds,2025-03-26T11:46:13
New York,US,5.31,1017,56,clear sky,2025-03-26T11:46:13
Berlin,DE,9.19,1019,79,overcast clouds,2025-03-26T11:46:13
Tokyo,JP,18.56,1010,43,clear sky,2025-03-26T11:46:13
Paris,FR,12.08,1023,87,mist,2025-03-26T11:47:13
London,GB,14.55,1025,67,scattered clouds,2025-03-26T11:47:13
New York,US,5.31,1017,56,clear sky,2025-03-26T11:47:13
Berlin,DE,9.19,1019,79,overcast clouds,2025-03-26T11:47:13
Tokyo,JP,18.56,1010,43,clear sky,2025-03-26T11:47:13
Paris,FR,12.08,1023,87,mist,2025-03-26T11:48:12
London,GB,14.55,1025,67,scattered clouds,2025-03-26T11:48:12
New York,US,5.31,1017,56,clear sky,2025-03-26T11:48:12
Berlin,DE,9.19,1019,79,overcast clouds,2025-03-26T11:48:12
Tokyo,JP,18.56,1010,43,clear sky,2025-03-26T11:48:12
Paris,FR,12.08,1023,87,mist,2025-03-26T11:49:13
London,GB,14.55,1025,67,scattered clouds,2025-03-26T11:49:13
New York,US,5.31,1017,56,clear sky,2025-03-26T11:49:13
Berlin,DE,9.19,1019,79,overcast clouds,2025-03-26T11:49:13
Tokyo,JP,18.56,1010,43,clear sky,2025-03-26T11:49:13
Paris,FR,12.08,1023,87,mist,2025-03-26T11:50:13
London,GB,14.55,1025,67,scattered clouds,2025-03-26T11:50:13
New York,US,5.34,1017,55,clear sky,2025-03-26T11:50:13
Berlin,DE,9.19,1019,79,overcast clouds,2025-03-26T11:50:13
Tokyo,JP,17.88,1010,39,clear sky,2025-03-26T11:50:13
Paris,FR,12.08,1023,87,mist,2025-03-26T11:51:14
London,GB,14.55,1025,67,scattered clouds,2025-03-26T11:51:14
New York,US,5.34,1017,55,clear sky,2025-03-26T11:51:14
Berlin,DE,9.45,1019,79,overcast clouds,2025-03-26T11:51:14
Tokyo,JP,17.88,1010,39,clear sky,2025-03-26T11:51:14
Paris,FR,12.08,1023,87,mist,2025-03-26T11:52:13
London,GB,14.55,1025,67,scattered clouds,2025-03-26T11:52:13
New York,US,5.34,1017,55,clear sky,2025-03-26T11:52:13
Berlin,DE,9.45,1019,79,overcast clouds,2025-03-26T11:52:13
Tokyo,JP,17.88,1010,39,clear sky,2025-03-26T11:52:13
Paris,FR,12.08,1023,87,mist,2025-03-26T11:53:14
London,GB,14.55,1025,67,scattered clouds,2025-03-26T11:53:14
New York,US,5.34,1017,55,clear sky,2025-03-26T11:53:14
Berlin,DE,9.45,1019,79,overcast clouds,2025-03-26T11:53:14
Tokyo,JP,17.88,1010,39,clear sky,2025-03-26T11:53:14
Paris,FR,12.08,1023,87,mist,2025-03-26T11:54:18
London,GB,14.55,1025,67,scattered clouds,2025-03-26T11:54:18
New York,US,5.34,1017,55,clear sky,2025-03-26T11:54:18
Berlin,DE,9.45,1019,79,overcast clouds,2025-03-26T11:54:18
Tokyo,JP,17.88,1010,39,clear sky,2025-03-26T11:54:18
Paris,FR,15.16,1022,57,scattered clouds,2025-03-26T16:24:58
London,GB,17.39,1023,51,clear sky,2025-03-26T16:24:58
New York,US,9.25,1015,44,overcast clouds,2025-03-26T16:24:58
Berlin,DE,11.35,1018,69,overcast clouds,2025-03-26T16:24:58
Tokyo,JP,14.38,1012,63,clear sky,2025-03-26T16:24:58
Paris,FR,15.16,1022,57,scattered clouds,2025-03-26T16:25:35
London,GB,17.39,1023,51,clear sky,2025-03-26T16:25:35
New York,US,9.25,1015,44,overcast clouds,2025-03-26T16:25:35
Berlin,DE,11.35,1018,69,overcast clouds,2025-03-26T16:25:35
Tokyo,JP,14.38,1012,63,clear sky,2025-03-26T16:25:35
Paris,FR,14.06,1022,59,few clouds,2025-03-26T17:34:43
London,GB,16.87,1023,53,clear sky,2025-03-26T17:34:43
New York,US,9.91,1015,44,broken clouds,2025-03-26T17:34:43
Berlin,DE,10.84,1019,73,overcast clouds,2025-03-26T17:34:43
Tokyo,JP,14.22,1012,65,scattered clouds,2025-03-26T17:34:43
Paris,FR,14.06,1022,59,few clouds,2025-03-26T17:35:06
London,GB,16.87,1023,53,clear sky,2025-03-26T17:35:06
New York,US,9.91,1015,44,broken clouds,2025-03-26T17:35:06
Berlin,DE,10.84,1019,73,overcast clouds,2025-03-26T17:35:06
Tokyo,JP,14.22,1012,65,scattered clouds,2025-03-26T17:35:06
Paris,FR,14.06,1022,59,few clouds,2025-03-26T17:35:30
London,GB,16.87,1023,53,clear sky,2025-03-26T17:35:30
New York,US,9.91,1015,44,broken clouds,2025-03-26T17:35:30
Berlin,DE,10.84,1019,73,overcast clouds,2025-03-26T17:35:30
Tokyo,JP,14.21,1012,65,scattered clouds,2025-03-26T17:35:30
Paris,FR,14.06,1022,59,few clouds,2025-03-26T17:36:13
London,GB,16.87,1023,53,clear sky,2025-03-26T17:36:13
New York,US,9.91,1015,44,broken clouds,2025-03-26T17:36:13
Berlin,DE,10.84,1019,73,overcast clouds,2025-03-26T17:36:13
Tokyo,JP,14.21,1012,65,scattered clouds,2025-03-26T17:36:13
Paris,FR,14.3,1022,59,few clouds,2025-03-26T17:37:45
London,GB,16.2,1023,55,clear sky,2025-03-26T17:37:45
New York,US,9.79,1015,44,broken clouds,2025-03-26T17:37:45
Berlin,DE,10.84,1019,73,overcast clouds,2025-03-26T17:37:45
Tokyo,JP,14.22,1012,65,scattered clouds,2025-03-26T17:37:45
Paris,FR,14.3,1022,59,few clouds,2025-03-26T17:38:26
London,GB,16.2,1023,55,clear sky,2025-03-26T17:38:26
New York,US,9.79,1015,44,broken clouds,2025-03-26T17:38:26
Berlin,DE,10.84,1019,73,overcast clouds,2025-03-26T17:38:26
Tokyo,JP,14.22,1012,65,scattered clouds,2025-03-26T17:38:26
Paris,FR,14.03,1022,59,few clouds,2025-03-26T17:41:34
London,GB,16.04,1023,56,clear sky,2025-03-26T17:41:34
New York,US,9.79,1015,44,broken clouds,2025-03-26T17:41:34
Berlin,DE,10.45,1019,75,overcast clouds,2025-03-26T17:41:34
Tokyo,JP,14.21,1012,65,scattered clouds,2025-03-26T17:41:34
Paris,FR,14.03,1022,59,few clouds,2025-03-26T17:42:14
London,GB,16.04,1023,56,clear sky,2025-03-26T17:42:14
New York,US,9.79,1015,44,broken clouds,2025-03-26T17:42:14
Berlin,DE,10.45,1019,75,overcast clouds,2025-03-26T17:42:14
Tokyo,JP,14.21,1012,65,scattered clouds,2025-03-26T17:42:14
Paris,FR,14.03,1022,59,few clouds,2025-03-26T17:43:13
London,GB,16.04,1023,56,clear sky,2025-03-26T17:43:13
New York,US,9.79,1015,44,broken clouds,2025-03-26T17:43:13
Berlin,DE,10.45,1019,75,overcast clouds,2025-03-26T17:43:13
Tokyo,JP,14.21,1012,65,scattered clouds,2025-03-26T17:43:13
Paris,FR,14.03,1022,59,few clouds,2025-03-26T17:44:20
London,GB,16.04,1023,56,clear sky,2025-03-26T17:44:20
New York,US,9.69,1015,44,broken clouds,2025-03-26T17:44:20
Berlin,DE,10.45,1019,75,overcast clouds,2025-03-26T17:44:20
Tokyo,JP,14.21,1012,65,scattered clouds,2025-03-26T17:44:20
Paris,FR,14.03,1022,59,few clouds,2025-03-26T17:44:37
London,GB,16.04,1023,56,clear sky,2025-03-26T17:44:37
New York,US,9.69,1015,44,broken clouds,2025-03-26T17:44:37
Berlin,DE,10.45,1019,75,overcast clouds,2025-03-26T17:44:37
Tokyo,JP,14.21,1012,65,scattered clouds,2025-03-26T17:44:37
Paris,FR,14.03,1022,59,few clouds,2025-03-26T17:45:31
London,GB,16.04,1023,56,clear sky,2025-03-26T17:45:31
New York,US,9.69,1015,44,broken clouds,2025-03-26T17:45:31
Berlin,DE,10.45,1019,75,overcast clouds,2025-03-26T17:45:31
Tokyo,JP,14.21,1012,65,scattered clouds,2025-03-26T17:45:31
Paris,FR,14.03,1022,59,few clouds,2025-03-26T17:45:48
London,GB,16.04,1023,56,clear sky,2025-03-26T17:45:48
New York,US,9.69,1015,44,broken clouds,2025-03-26T17:45:48
Berlin,DE,10.45,1019,75,overcast clouds,2025-03-26T17:45:48
Tokyo,JP,14.21,1012,65,scattered clouds,2025-03-26T17:45:48
Paris,FR,14.03,1022,59,few clouds,2025-03-26T17:46:34
London,GB,16.04,1023,56,clear sky,2025-03-26T17:46:34
New York,US,9.69,1015,44,broken clouds,2025-03-26T17:46:34
Berlin,DE,10.45,1019,75,overcast clouds,2025-03-26T17:46:34
Tokyo,JP,14.21,1012,65,scattered clouds,2025-03-26T17:46:34
Paris,FR,14.03,1022,59,few clouds,2025-03-26T17:47:13
London,GB,16.04,1023,56,clear sky,2025-03-26T17:47:13
New York,US,9.69,1015,44,broken clouds,2025-03-26T17:47:13
Berlin,DE,10.45,1019,75,overcast clouds,2025-03-26T17:47:13
Tokyo,JP,14.21,1012,65,scattered clouds,2025-03-26T17:47:13
Paris,FR,14.03,1022,59,few clouds,2025-03-26T17:48:13
London,GB,16.04,1023,56,clear sky,2025-03-26T17:48:13
New York,US,9.69,1015,44,broken clouds,2025-03-26T17:48:13
Berlin,DE,10.45,1019,75,overcast clouds,2025-03-26T17:48:13
Tokyo,JP,14.21,1012,65,scattered clouds,2025-03-26T17:48:13
Paris,FR,14.01,1023,60,clear sky,2025-03-26T17:49:13
London,GB,15.81,1023,58,clear sky,2025-03-26T17:49:13
New York,US,9.69,1015,45,broken clouds,2025-03-26T17:49:13
Berlin,DE,10.47,1020,74,overcast clouds,2025-03-26T17:49:13
Tokyo,JP,14.07,1012,63,broken clouds,2025-03-26T17:49:13
Paris,FR,14.01,1023,60,clear sky,2025-03-26T17:50:14
London,GB,15.84,1024,58,few clouds,2025-03-26T17:50:14
New York,US,9.71,1015,45,broken clouds,2025-03-26T17:50:14
Berlin,DE,10.46,1019,74,overcast clouds,2025-03-26T17:50:14
Tokyo,JP,14.07,1012,64,broken clouds,2025-03-26T17:50:14
Paris,FR,14.01,1023,60,clear sky,2025-03-26T17:51:13
London,GB,15.84,1024,58,few clouds,2025-03-26T17:51:13
New York,US,9.71,1015,45,broken clouds,2025-03-26T17:51:13
Berlin,DE,10.46,1019,74,overcast clouds,2025-03-26T17:51:13
Tokyo,JP,14.07,1012,64,broken clouds,2025-03-26T17:51:13
Paris,FR,14.01,1023,60,clear sky,2025-03-26T17:52:14
London,GB,15.84,1024,58,few clouds,2025-03-26T17:52:14
New York,US,9.38,1015,47,few clouds,2025-03-26T17:52:14
Berlin,DE,10.46,1019,74,overcast clouds,2025-03-26T17:52:14
Tokyo,JP,14.07,1012,64,broken clouds,2025-03-26T17:52:14
Paris,FR,14.01,1023,60,clear sky,2025-03-26T17:53:14
London,GB,15.84,1024,58,few clouds,2025-03-26T17:53:14
New York,US,9.38,1015,47,few clouds,2025-03-26T17:53:14
Berlin,DE,10.46,1019,74,overcast clouds,2025-03-26T17:53:14
Tokyo,JP,14.07,1012,64,broken clouds,2025-03-26T17:53:14
Paris,FR,14.01,1023,60,clear sky,2025-03-26T17:54:13
London,GB,15.84,1024,58,few clouds,2025-03-26T17:54:13
New York,US,9.38,1015,47,few clouds,2025-03-26T17:54:13
Berlin,DE,10.46,1019,74,overcast clouds,2025-03-26T17:54:13
Tokyo,JP,14.07,1012,64,broken clouds,2025-03-26T17:54:13
Paris,FR,14.01,1023,60,clear sky,2025-03-26T17:55:13
London,GB,15.84,1024,58,few clouds,2025-03-26T17:55:13
New York,US,9.38,1015,47,few clouds,2025-03-26T17:55:13
Berlin,DE,10.46,1019,74,overcast clouds,2025-03-26T17:55:13
Tokyo,JP,14.07,1012,64,broken clouds,2025-03-26T17:55:13
Paris,FR,14.01,1023,60,clear sky,2025-03-26T17:56:14
London,GB,15.81,1023,58,clear sky,2025-03-26T17:56:14
New York,US,9.69,1015,45,broken clouds,2025-03-26T17:56:14
Berlin,DE,10.47,1020,74,overcast clouds,2025-03-26T17:56:14
Tokyo,JP,14.07,1012,63,broken clouds,2025-03-26T17:56:14
Paris,FR,14.01,1023,60,clear sky,2025-03-26T17:57:13
London,GB,15.84,1024,58,few clouds,2025-03-26T17:57:13
New York,US,9.71,1015,45,broken clouds,2025-03-26T17:57:13
Berlin,DE,10.46,1019,74,overcast clouds,2025-03-26T17:57:13
Tokyo,JP,14.07,1012,64,broken clouds,2025-03-26T17:57:13
Paris,FR,14.01,1023,60,clear sky,2025-03-26T17:58:13
London,GB,15.84,1024,58,few clouds,2025-03-26T17:58:13
New York,US,9.71,1015,45,broken clouds,2025-03-26T17:58:13
Berlin,DE,10.46,1019,74,overcast clouds,2025-03-26T17:58:13
Tokyo,JP,14.07,1012,64,broken clouds,2025-03-26T17:58:13
Paris,FR,13.97,1023,60,clear sky,2025-03-26T17:59:14
London,GB,16.27,1024,55,few clouds,2025-03-26T17:59:14
New York,US,9.14,1015,52,broken clouds,2025-03-26T17:59:14
Berlin,DE,10.4,1020,75,overcast clouds,2025-03-26T17:59:14
Tokyo,JP,14.08,1012,64,broken clouds,2025-03-26T17:59:14
Paris,FR,13.97,1023,60,clear sky,2025-03-26T18:00:15
London,GB,16.27,1024,55,few clouds,2025-03-26T18:00:15
New York,US,9.14,1015,52,broken clouds,2025-03-26T18:00:15
Berlin,DE,10.4,1020,75,overcast clouds,2025-03-26T18:00:15
Tokyo,JP,14.08,1012,64,broken clouds,2025-03-26T18:00:15
Paris,FR,13.92,1023,60,clear sky,2025-03-26T18:01:14
London,GB,15.61,1024,59,few clouds,2025-03-26T18:01:14
New York,US,9.14,1015,52,broken clouds,2025-03-26T18:01:14
Berlin,DE,10.33,1020,75,overcast clouds,2025-03-26T18:01:14
Tokyo,JP,14.08,1012,64,broken clouds,2025-03-26T18:01:14
Paris,FR,13.92,1023,60,clear sky,2025-03-26T18:02:14
London,GB,15.61,1024,59,few clouds,2025-03-26T18:02:14
New York,US,9.14,1015,52,broken clouds,2025-03-26T18:02:14
Berlin,DE,10.33,1020,75,overcast clouds,2025-03-26T18:02:14
Tokyo,JP,14.08,1012,64,broken clouds,2025-03-26T18:02:14
Paris,FR,13.92,1023,60,clear sky,2025-03-26T18:03:13
London,GB,15.61,1024,59,few clouds,2025-03-26T18:03:13
New York,US,9.14,1015,52,broken clouds,2025-03-26T18:03:13
Berlin,DE,10.33,1020,75,overcast clouds,2025-03-26T18:03:13
Tokyo,JP,14.08,1012,64,broken clouds,2025-03-26T18:03:13
Paris,FR,13.92,1023,60,clear sky,2025-03-26T18:04:14
London,GB,15.61,1024,59,few clouds,2025-03-26T18:04:14
New York,US,9.14,1015,52,broken clouds,2025-03-26T18:04:14
Berlin,DE,10.33,1020,75,overcast clouds,2025-03-26T18:04:14
Tokyo,JP,14.08,1012,64,broken clouds,2025-03-26T18:04:14
Paris,FR,13.92,1023,60,clear sky,2025-03-26T18:05:14
London,GB,15.61,1024,59,few clouds,2025-03-26T18:05:14
New York,US,9.14,1015,52,broken clouds,2025-03-26T18:05:14
Berlin,DE,10.33,1020,75,overcast clouds,2025-03-26T18:05:14
Tokyo,JP,14.08,1012,64,broken clouds,2025-03-26T18:05:14
